Наименование;Артикул;Количество; Сумма,  руб. 
﻿ элемент  1.65.001 ;1.65.001;18;36828
﻿ розетка  1.56.512 ;1.56.512;4;3584
﻿ карниз  1.50.298 ;1.50.298;89;88245
﻿ молдинг  1.51.372 ;1.51.372;5;4560
﻿ карниз  1.50.229  гибкий ;1.50.229;3;11214
﻿ карниз  1.50.296 ;1.50.296;320;458140
﻿ арочный  элемент  1.61.511 ;1.61.511;11;57079
﻿ угловой  элемент  1.52.299 ;1.52.299;33;32220
﻿ угловой  элемент  1.52.279 ;1.52.279;25;24572
﻿ молдинг  1.51.365 ;1.51.365;2;2892
﻿ плинтус  1.53.108 ;1.53.108;733;1396215
﻿ Клей  монтажный  Европласт  290&nbsp,мл. ;EB05.M.290;76;98724
﻿ E13.S.60  /  Клей  Европласт  стыковочный  PU  60  мл. ;E13.S.60;932;485004
﻿ E12.S.290  /  Клей  Европласт  стыковочный  PU  290  мл. ;E12.S.290;52;72748
﻿ декоративная  панель  6.59.802 ;6.59.802;44;125550
﻿ декоративная  панель  6.59.803 ;6.59.803;89;244270
﻿ карниз  6.50.801 ;6.50.801;104;220480
﻿ карниз  6.50.803 ;6.50.803;23;65159
﻿ молдинг  1.51.807 ;1.51.807;9;18477
﻿ молдинг  1.51.811 ;1.51.811;1;1328
﻿ молдинг  6.51.801 ;6.51.801;6;3258
﻿ молдинг  6.51.802 ;6.51.802;68;74800
﻿ молдинг  6.51.808 ;6.51.808;16;6920
﻿ молдинг  6.51.809 ;6.51.809;170;43525
﻿ молдинг  6.51.810 ;6.51.810;138;70100
﻿ молдинг  6.51.815 ;6.51.815;228;95000
﻿ плинтус  6.53.801 ;6.53.801;215;121910
﻿ плинтус  6.53.802 ;6.53.802;6;14068
﻿ плинтус  6.53.803 ;6.53.803;340;320860
﻿ плинтус  6.53.804 ;6.53.804;431;481423
﻿ плинтус  6.53.805 ;6.53.805;11;23969
﻿ розетка  1.56.801 ;1.56.801;1;1550
﻿ розетка  1.56.802 ;1.56.802;2;9660
﻿ угловой  элемент  1.52.810 ;1.52.810;12;11544
﻿ угловой  элемент  1.52.812 ;1.52.812;4;3848
﻿ угловой  элемент  1.52.815 ;1.52.815;2;1948
﻿ декоративная  панель  6.59.801-280 ;6.59.801-280;9;35910
﻿ декоративная  панель  6.59.802-280 ;6.59.802-280;11;44226
﻿ декоративная  панель  6.59.803-280 ;6.59.803-280;39;144872
﻿ декоративная  панель  6.59.806 ;6.59.806;4;10660
﻿ декоративная  панель  6.59.806-280 ;6.59.806-280;2;8008
﻿ декоративная  панель  6.59.804 ;6.59.804;5;14300
﻿ декоративная  панель  6.59.804-280 ;6.59.804-280;2;8008
﻿ розетка  1.56.053 ;1.56.053;1;2306
﻿ карниз  1.50.227 ;1.50.227;8;29719
﻿ молдинг  1.51.385 ;1.51.385;205;347018
﻿ наличник  1.54.015 ;1.54.015;2;5952
﻿ плинтус  1.53.108  гибкий ;1.53.108;9;35150
﻿ карниз  1.50.299 ;1.50.299;18;17190
﻿ карниз  1.50.297 ;1.50.297;26;24954
﻿ молдинг  1.51.383 ;1.51.383;32;37088
﻿ молдинг  1.51.384 ;1.51.384;232;214260
﻿ наличник  1.54.016 ;1.54.016;1;2750
﻿ карниз  1.50.249 ;1.50.249;182;261422
﻿ розетка  1.56.054 ;1.56.054;12;59074
﻿ карниз  1.50.215 ;1.50.215;62;64318
﻿ плинтус  1.53.111 ;1.53.111;79;112335
﻿ кронштейн  1.19.017 ;1.19.017;4;7536
﻿ декоративная  панель  1.59.003 ;1.59.003;33;94512
﻿ декоративная  панель  1.59.005 ;1.59.005;6;17790
﻿ карниз  1.50.215  гибкий ;1.50.215;3;6293
﻿ торцевой  элемент  4.82.032 ;4.82.032;8;3560
﻿ торцевой  элемент  4.82.231 ;4.82.231;19;7429
﻿ торцевой  элемент  4.82.232 ;4.82.232;4;1564
﻿ торцевой  элемент  4.82.332 ;4.82.332;4;1564
﻿ карниз  1.50.229 ;1.50.229;99;186901
﻿ карниз  1.50.621 ;1.50.621;30;59041
﻿ карниз  1.50.622 ;1.50.622;2;5210
﻿ карниз  1.50.623 ;1.50.623;8;15880
﻿ карниз  1.50.624 ;1.50.624;2;5146
﻿ молдинг  1.51.601 ;1.51.601;3;6666
﻿ молдинг  1.51.603 ;1.51.603;1;6509
﻿ молдинг  1.51.605 ;1.51.605;23;39055
﻿ молдинг  1.51.606 ;1.51.606;58;120234
﻿ карниз  1.50.114 ;1.50.114;18;22536
﻿ карниз  1.50.115 ;1.50.115;81;81891
﻿ карниз  1.50.116 ;1.50.116;34;86802
﻿ карниз  1.50.117 ;1.50.117;552;1268192
﻿ карниз  1.50.118 ;1.50.118;6;16998
﻿ карниз  1.50.119 ;1.50.119;134;190174
﻿ карниз  1.50.121 ;1.50.121;518;722170
﻿ карниз  1.50.122 ;1.50.122;54;48438
﻿ карниз  1.50.100 ;1.50.100;46;50626
﻿ карниз  1.50.102 ;1.50.102;33;33634
﻿ карниз  1.50.103 ;1.50.103;142;148347
﻿ карниз  1.50.104 ;1.50.104;83;210944
﻿ карниз  1.50.105 ;1.50.105;89;108936
﻿ карниз  1.50.106 ;1.50.106;276;379433
﻿ карниз  1.50.109 ;1.50.109;10;28330
﻿ карниз  1.50.110 ;1.50.110;1;3207
﻿ карниз  1.50.111 ;1.50.111;19;52242
﻿ карниз  1.50.112 ;1.50.112;71;96503
﻿ карниз  1.50.113 ;1.50.113;284;360103
﻿ карниз  1.50.123 ;1.50.123;32;29728
﻿ карниз  1.50.124 ;1.50.124;100;231800
﻿ карниз  1.50.125 ;1.50.125;6;12060
﻿ карниз  1.50.126 ;1.50.126;281;392593
﻿ карниз  1.50.127 ;1.50.127;28;39410
﻿ карниз  1.50.128 ;1.50.128;61;141562
﻿ карниз  1.50.129 ;1.50.129;63;84042
﻿ карниз  1.50.130 ;1.50.130;31;28985
﻿ карниз  1.50.131 ;1.50.131;95;214240
﻿ карниз  1.50.132 ;1.50.132;238;622440
﻿ карниз  1.50.133 ;1.50.133;193;360292
﻿ карниз  1.50.134 ;1.50.134;158;552680
﻿ карниз  1.50.135 ;1.50.135;22;52030
﻿ карниз  1.50.137 ;1.50.137;2;6942
﻿ карниз  1.50.138 ;1.50.138;19;55252
﻿ карниз  1.50.139 ;1.50.139;175;398470
﻿ карниз  1.50.140 ;1.50.140;34;46896
﻿ карниз  1.50.141 ;1.50.141;38;51702
﻿ карниз  1.50.142 ;1.50.142;92;272192
﻿ карниз  1.50.143 ;1.50.143;145;190612
﻿ карниз  1.50.144 ;1.50.144;80;118140
﻿ карниз  1.50.145 ;1.50.145;22;84184
﻿ карниз  1.50.146 ;1.50.146;269;636464
﻿ карниз  1.50.147 ;1.50.147;273;812508
﻿ карниз  1.50.148 ;1.50.148;137;366355
﻿ карниз  1.50.150 ;1.50.150;50;49478
﻿ карниз  1.50.151 ;1.50.151;8;29984
﻿ карниз  1.50.153 ;1.50.153;3;11244
﻿ карниз  1.50.154 ;1.50.154;204;178916
﻿ карниз  1.50.155 ;1.50.155;45;38880
﻿ карниз  1.50.156 ;1.50.156;41;40910
﻿ карниз  1.50.157 ;1.50.157;75;66825
﻿ карниз  1.50.158 ;1.50.158;57;51812
﻿ карниз  1.50.159 ;1.50.159;22;21674
﻿ карниз  1.50.160 ;1.50.160;349;439289
﻿ карниз  1.50.162 ;1.50.162;78;97656
﻿ карниз  1.50.163 ;1.50.163;14;34909
﻿ карниз  1.50.165 ;1.50.165;218;284402
﻿ карниз  1.50.167 ;1.50.167;8;21263
﻿ карниз  1.50.168 ;1.50.168;178;470932
﻿ молдинг  1.51.386 ;1.51.386;28;26427
﻿ плинтус  1.53.112 ;1.53.112;686;1009501
﻿ карниз  1.50.169 ;1.50.169;16;39600
﻿ карниз  1.50.170 ;1.50.170;337;471007
﻿ карниз  1.50.171 ;1.50.171;57;54775
﻿ карниз  1.50.172 ;1.50.172;185;179466
﻿ карниз  1.50.173 ;1.50.173;24;22992
﻿ карниз  1.50.174 ;1.50.174;311;307797
﻿ карниз  1.50.175 ;1.50.175;9;23490
﻿ карниз  1.50.177 ;1.50.177;344;504832
﻿ карниз  1.50.180 ;1.50.180;94;235687
﻿ карниз  1.50.183 ;1.50.183;26;39978
﻿ карниз  1.50.184 ;1.50.184;13;18967
﻿ карниз  1.50.188 ;1.50.188;166;214970
﻿ карниз  1.50.191 ;1.50.191;6;5718
﻿ карниз  1.50.193 ;1.50.193;36;48996
﻿ карниз  1.50.194 ;1.50.194;27;33804
﻿ карниз  1.50.196 ;1.50.196;30;41226
﻿ карниз  1.50.198 ;1.50.198;12;17160
﻿ карниз  1.50.200 ;1.50.200;7;9065
﻿ карниз  1.50.201 ;1.50.201;36;116100
﻿ карниз  1.50.203 ;1.50.203;28;71848
﻿ карниз  1.50.204 ;1.50.204;9;11268
﻿ карниз  1.50.208 ;1.50.208;15;21845
﻿ карниз  1.50.209 ;1.50.209;88;266062
﻿ карниз  1.50.211 ;1.50.211;33;106722
﻿ карниз  1.50.212 ;1.50.212;38;135204
﻿ карниз  1.50.220 ;1.50.220;6;16806
﻿ карниз  1.50.221 ;1.50.221;125;438083
﻿ карниз  1.50.251 ;1.50.251;52;48420
﻿ карниз  1.50.252 ;1.50.252;41;118404
﻿ карниз  1.50.253 ;1.50.253;13;19444
﻿ карниз  1.50.254 ;1.50.254;190;415585
﻿ карниз  1.50.255 ;1.50.255;1;2318
﻿ карниз  1.50.256 ;1.50.256;31;86825
﻿ карниз  1.50.257 ;1.50.257;48;45696
﻿ карниз  1.50.258 ;1.50.258;62;56512
﻿ карниз  1.50.259 ;1.50.259;11;13772
﻿ карниз  1.50.261 ;1.50.261;159;293555
﻿ карниз  1.50.262 ;1.50.262;122;338011
﻿ карниз  1.50.265 ;1.50.265;1;1391
﻿ карниз  1.50.266 ;1.50.266;187;240550
﻿ карниз  1.50.269 ;1.50.269;111;336910
﻿ карниз  1.50.270 ;1.50.270;11;34639
﻿ карниз  1.50.271 ;1.50.271;66;301656
﻿ карниз  1.50.273 ;1.50.273;152;515795
﻿ карниз  1.50.117  гибкий ;1.50.117;4;18800
﻿ карниз  1.50.119  гибкий ;1.50.119;1;2781
﻿ карниз  1.50.121  гибкий ;1.50.121;1;3001
﻿ карниз  1.50.122  гибкий ;1.50.122;3;5382
﻿ карниз  1.50.103  гибкий ;1.50.103;2;4428
﻿ карниз  1.50.105  гибкий ;1.50.105;2;5386
﻿ карниз  1.50.112  гибкий ;1.50.112;10;26040
﻿ карниз  1.50.113  гибкий ;1.50.113;2;5466
﻿ карниз  1.50.123  гибкий ;1.50.123;6;12246
﻿ карниз  1.50.126  гибкий ;1.50.126;5;13630
﻿ карниз  1.50.134  гибкий ;1.50.134;9;64935
﻿ карниз  1.50.141  гибкий ;1.50.141;5;12985
﻿ карниз  1.50.142  гибкий ;1.50.142;4;23260
﻿ карниз  1.50.143  гибкий ;1.50.143;1;2754
﻿ карниз  1.50.144  гибкий ;1.50.144;2;5562
﻿ карниз  1.50.147  гибкий ;1.50.147;6;38382
﻿ карниз  1.50.156  гибкий ;1.50.156;4;7856
﻿ карниз  1.50.160  гибкий ;1.50.160;2;4896
﻿ карниз  1.50.165  гибкий ;1.50.165;9;23873
﻿ карниз  1.50.170  гибкий ;1.50.170;6;16686
﻿ карниз  1.50.171  гибкий ;1.50.171;2;3676
﻿ карниз  1.50.172  гибкий ;1.50.172;10;19060
﻿ карниз  1.50.174  гибкий ;1.50.174;1;1946
﻿ карниз  1.50.180  гибкий ;1.50.180;2;9686
﻿ карниз  1.50.253  гибкий ;1.50.253;2;6002
﻿ карниз  1.50.254  гибкий ;1.50.254;2;8248
﻿ карниз  1.50.257  гибкий ;1.50.257;16;30416
﻿ карниз  1.50.258  гибкий ;1.50.258;8;14700
﻿ карниз  1.50.262  гибкий ;1.50.262;8;43016
﻿ молдинг  1.51.311 ;1.51.311;12;23144
﻿ молдинг  1.51.314 ;1.51.314;10;11870
﻿ молдинг  1.51.327 ;1.51.327;48;76254
﻿ молдинг  1.51.301 ;1.51.301;1534;1237315
﻿ молдинг  1.51.305 ;1.51.305;232;219112
﻿ молдинг  1.51.321 ;1.51.321;1226;1056528
﻿ молдинг  1.51.400 ;1.51.400;694;645895
﻿ молдинг  1.51.302 ;1.51.302;339;328158
﻿ молдинг  1.51.303 ;1.51.303;150;182922
﻿ молдинг  1.51.304 ;1.51.304;322;366450
﻿ молдинг  1.51.306 ;1.51.306;144;137310
﻿ молдинг  1.51.307 ;1.51.307;84;149876
﻿ молдинг  1.51.352 ;1.51.352;13;14007
﻿ молдинг  1.51.325 ;1.51.325;2;4114
﻿ молдинг  1.51.312 ;1.51.312;54;56514
﻿ молдинг  1.51.332 ;1.51.332;11;12452
﻿ молдинг  1.51.350 ;1.51.350;6;11304
﻿ молдинг  1.51.326 ;1.51.326;10;10840
﻿ молдинг  1.51.308 ;1.51.308;589;628595
﻿ молдинг  1.51.309 ;1.51.309;3;3477
﻿ молдинг  1.51.310 ;1.51.310;24;42168
﻿ молдинг  1.51.313 ;1.51.313;5;5495
﻿ молдинг  1.51.315 ;1.51.315;50;57990
﻿ молдинг  1.51.316 ;1.51.316;50;52650
﻿ молдинг  1.51.317 ;1.51.317;11;18293
﻿ молдинг  1.51.318 ;1.51.318;11;12947
﻿ молдинг  1.51.320 ;1.51.320;13;24771
﻿ молдинг  1.51.322 ;1.51.322;717;634818
﻿ молдинг  1.51.340 ;1.51.340;9;9639
﻿ молдинг  1.51.341 ;1.51.341;27;31833
﻿ молдинг  1.51.342 ;1.51.342;88;100652
﻿ молдинг  1.51.343 ;1.51.343;69;77805
﻿ молдинг  1.51.344 ;1.51.344;131;148816
﻿ молдинг  1.51.351 ;1.51.351;4;4452
﻿ молдинг  1.51.380 ;1.51.380;8;19976
﻿ молдинг  1.51.401 ;1.51.401;451;391754
﻿ молдинг  1.51.323 ;1.51.323;330;297816
﻿ молдинг  1.51.339 ;1.51.339;4;4452
﻿ молдинг  1.51.336 ;1.51.336;3;3606
﻿ молдинг  1.51.334 ;1.51.334;28;32480
﻿ молдинг  1.51.335 ;1.51.335;26;30186
﻿ молдинг  1.51.337 ;1.51.337;4;4772
﻿ молдинг  1.51.348 ;1.51.348;4;4396
﻿ молдинг  1.51.349 ;1.51.349;11;20974
﻿ молдинг  1.51.329 ;1.51.329;5;4776
﻿ молдинг  1.51.347 ;1.51.347;21;37609
﻿ молдинг  1.51.355 ;1.51.355;101;180386
﻿ молдинг  1.51.354 ;1.51.354;43;49846
﻿ молдинг  1.51.311  гибкий ;1.51.311;3;11934
﻿ молдинг  1.51.327  гибкий ;1.51.327;3;8982
﻿ молдинг  1.51.301  гибкий ;1.51.301;12;20021
﻿ молдинг  1.51.305  гибкий ;1.51.305;17;30719
﻿ молдинг  1.51.321  гибкий ;1.51.321;7;12612
﻿ молдинг  1.51.400  гибкий ;1.51.400;1;1997
﻿ молдинг  1.51.304  гибкий ;1.51.304;13;28925
﻿ молдинг  1.51.306  гибкий ;1.51.306;2;4082
﻿ молдинг  1.51.352  гибкий ;1.51.352;1;2104
﻿ молдинг  1.51.312  гибкий ;1.51.312;1;2277
﻿ молдинг  1.51.350  гибкий ;1.51.350;3;12435
﻿ молдинг  1.51.308  гибкий ;1.51.308;3;6417
﻿ молдинг  1.51.309  гибкий ;1.51.309;5;11575
﻿ молдинг  1.51.318  гибкий ;1.51.318;6;14118
﻿ молдинг  1.51.322  гибкий ;1.51.322;14;25362
﻿ молдинг  1.51.330  гибкий ;1.51.330;1;2283
﻿ молдинг  1.51.380  гибкий ;1.51.380;4;21472
﻿ молдинг  1.51.323  гибкий ;1.51.323;4;7245
﻿ молдинг  1.51.339  гибкий ;1.51.339;1;2225
﻿ молдинг  1.51.335  гибкий ;1.51.335;6;13926
﻿ молдинг  1.51.329  гибкий ;1.51.329;6;10800
﻿ молдинг  1.51.355  гибкий ;1.51.355;6;21426
﻿ плинтус  1.53.102 ;1.53.102;60;119460
﻿ плинтус  1.53.103 ;1.53.103;981;1810572
﻿ плинтус  1.53.104 ;1.53.104;41;80270
﻿ плинтус  1.53.105 ;1.53.105;36;75609
﻿ плинтус  1.53.106 ;1.53.106;289;488989
﻿ плинтус  1.53.107 ;1.53.107;81;129681
﻿ плинтус  1.53.109 ;1.53.109;180;334080
﻿ плинтус  1.53.101 ;1.53.101;323;645002
﻿ плинтус  1.53.102  гибкий ;1.53.102;2;7962
﻿ плинтус  1.53.103  гибкий ;1.53.103;7;26398
﻿ плинтус  1.53.104  гибкий ;1.53.104;2;7430
﻿ плинтус  1.53.106  гибкий ;1.53.106;15;50967
﻿ плинтус  1.53.107  гибкий ;1.53.107;2;6402
﻿ плинтус  1.53.109  гибкий ;1.53.109;8;28672
﻿ плинтус  1.53.101  гибкий ;1.53.101;6;24270
﻿ угловой  элемент  1.52.326 ;1.52.326;16;15616
﻿ угловой  элемент  1.52.301 ;1.52.301;30;25106
﻿ угловой  элемент  1.52.302 ;1.52.302;12;10692
﻿ угловой  элемент  1.52.290 ;1.52.290;24;22106
﻿ угловой  элемент  1.52.293 ;1.52.293;24;22106
﻿ угловой  элемент  1.52.288 ;1.52.288;30;28248
﻿ угловой  элемент  1.52.291 ;1.52.291;40;34360
﻿ угловой  элемент  1.52.295 ;1.52.295;52;43784
﻿ угловой  элемент  1.52.400 ;1.52.400;162;148217
﻿ угловой  элемент  1.52.289 ;1.52.289;41;33497
﻿ угловой  элемент  1.52.297 ;1.52.297;10;8333
﻿ угловой  элемент  1.52.298 ;1.52.298;43;36969
﻿ угловой  элемент  1.52.308 ;1.52.308;62;52950
﻿ угловой  элемент  1.52.313 ;1.52.313;4;6972
﻿ угловой  элемент  1.52.318 ;1.52.318;4;3452
﻿ кронштейн  1.19.001 ;1.19.001;3;7056
﻿ кронштейн  1.19.137 ;1.19.137;4;1392
﻿ кронштейн  1.19.002 ;1.19.002;11;19725
﻿ кронштейн  1.19.005 ;1.19.005;17;35015
﻿ кронштейн  1.19.004 ;1.19.004;4;7616
﻿ розетка  1.56.017 ;1.56.017;5;12908
﻿ розетка  1.56.001 ;1.56.001;4;14019
﻿ розетка  1.56.002 ;1.56.002;7;17296
﻿ розетка  1.56.004 ;1.56.004;26;52698
﻿ розетка  1.56.007 ;1.56.007;2;4062
﻿ розетка  1.56.013 ;1.56.013;37;48448
﻿ розетка  1.56.014 ;1.56.014;9;12722
﻿ розетка  1.56.015 ;1.56.015;10;27192
﻿ розетка  1.56.018 ;1.56.018;8;38508
﻿ розетка  1.56.019 ;1.56.019;3;7692
﻿ розетка  1.56.020 ;1.56.020;5;13047
﻿ розетка  1.56.023 ;1.56.023;1;3803
﻿ розетка  1.56.024 ;1.56.024;1;2482
﻿ розетка  1.56.025 ;1.56.025;2;13636
﻿ розетка  1.56.005 ;1.56.005;5;17098
﻿ розетка  1.56.010 ;1.56.010;5;4413
﻿ розетка  1.56.028 ;1.56.028;3;14220
﻿ розетка  1.56.029 ;1.56.029;12;40874
﻿ розетка  1.56.030 ;1.56.030;13;18851
﻿ розетка  1.56.003 ;1.56.003;11;28975
﻿ розетка  1.56.031 ;1.56.031;5;17120
﻿ розетка  1.56.021 ;1.56.021;12;31944
﻿ розетка  1.56.026 ;1.56.026;2;9400
﻿ розетка  1.56.006 ;1.56.006;1;1369
﻿ розетка  1.56.009 ;1.56.009;1;1315
﻿ розетка  1.56.032 ;1.56.032;3;4418
﻿ розетка  1.56.011 ;1.56.011;1;807
﻿ розетка  1.56.037 ;1.56.037;7;10073
﻿ розетка  1.56.034 ;1.56.034;3;7698
﻿ розетка  1.56.033 ;1.56.033;3;7447
﻿ розетка  1.56.038 ;1.56.038;1;1481
﻿ розетка  1.56.027 ;1.56.027;4;5730
﻿ розетка  1.56.035 ;1.56.035;6;15141
﻿ орнамент  1.60.011 ;1.60.011;4;2144
﻿ орнамент  1.60.111 ;1.60.111;4;2144
﻿ орнамент  1.60.005 ;1.60.005;6;2808
﻿ орнамент  1.60.008 ;1.60.008;8;3252
﻿ орнамент  1.60.010 ;1.60.010;12;4764
﻿ орнамент  1.60.003 ;1.60.003;16;6192
﻿ орнамент  1.60.015 ;1.60.015;12;4968
﻿ орнамент  1.60.017 ;1.60.017;18;8478
﻿ орнамент  1.60.018 ;1.60.018;18;8262
﻿ орнамент  1.60.019 ;1.60.019;8;8800
﻿ орнамент  1.60.108 ;1.60.108;12;4800
﻿ орнамент  1.60.110 ;1.60.110;12;4764
﻿ купол  1.58.001 ;1.58.001;2;32647
﻿ капитель  1.11.010 ;1.11.010;2;16206
﻿ капитель  1.15.002 ;1.15.002;10;36406
﻿ капитель  1.15.003 ;1.15.003;5;23485
﻿ капитель  1.15.008 ;1.15.008;2;6746
﻿ капитель  1.21.003 ;1.21.003;10;20960
﻿ капитель  1.21.001 ;1.21.001;6;12054
﻿ капитель  1.21.002 ;1.21.002;8;19640
﻿ капитель  1.21.004 ;1.21.004;26;56966
﻿ капитель  1.21.005 ;1.21.005;32;75552
﻿ капитель  1.21.006 ;1.21.006;2;4474
﻿ капитель  1.21.007 ;1.21.007;4;8904
﻿ ствол  1.12.020 ;1.12.020;1;19810
﻿ ствол  1.12.080 ;1.12.080;2;23436
﻿ ствол  1.16.071 ;1.16.071;4;28780
﻿ ствол  1.16.010 ;1.16.010;2;17736
﻿ ствол  1.16.011 ;1.16.011;3;27339
﻿ ствол  1.16.020 ;1.16.020;10;96663
﻿ ствол  1.16.061 ;1.16.061;2;15830
﻿ ствол  1.22.010 ;1.22.010;4;12036
﻿ ствол  1.22.020 ;1.22.020;5;22434
﻿ ствол  1.22.030 ;1.22.030;19;63208
﻿ ствол  1.22.040 ;1.22.040;26;91000
﻿ кольцо  1.15.100 ;1.15.100;2;336
﻿ база  1.13.900 ;1.13.900;2;10654
﻿ база  1.13.200 ;1.13.200;1;6992
﻿ база  1.17.700 ;1.17.700;2;5226
﻿ база  1.17.200 ;1.17.200;17;48637
﻿ база  1.23.100 ;1.23.100;10;24610
﻿ база  1.23.200 ;1.23.200;5;16640
﻿ база  1.23.300 ;1.23.300;19;48481
﻿ база  1.23.400 ;1.23.400;26;88868
﻿ база  1.23.500 ;1.23.500;32;78560
﻿ пьедестал  1.14.001 ;1.14.001;1;9433
﻿ пьедестал  1.14.003 ;1.14.003;2;21910
﻿ база  1.54.010 ;1.54.010;27;28485
﻿ обрамление  арок  1.55.001 ;1.55.001;2;2418
﻿ обрамление  арок  1.55.002 ;1.55.002;2;2418
﻿ база  1.54.020 ;1.54.020;2;1912
﻿ квадрат  1.54.001 ;1.54.001;58;22116
﻿ квадрат  1.54.002 ;1.54.002;8;2936
﻿ наличник  1.54.003 ;1.54.003;4;6084
﻿ наличник  1.54.004 ;1.54.004;2;5096
﻿ элемент  1.54.005 ;1.54.005;2;1010
﻿ карниз  1.50.205 ;1.50.205;5;6955
﻿ молдинг  1.51.345 ;1.51.345;45;82339
﻿ молдинг  1.51.357 ;1.51.357;28;30100
﻿ молдинг  1.51.361 ;1.51.361;5;5805
﻿ розетка  1.56.036 ;1.56.036;1;5330
﻿ сандрик  1.63.001 ;1.63.001;16;50234
﻿ сандрик  1.63.002 ;1.63.002;2;5692
﻿ карниз  4.01.301 ;4.01.301;34;390796
﻿ карниз  4.01.103 ;4.01.103;1;15913
﻿ карниз  4.31.301 ;4.31.301;1;10608
﻿ карниз  4.31.302 ;4.31.302;5;46415
﻿ карниз  4.32.101 ;4.32.101;2;14144
﻿ карниз  4.81.001 ;4.81.001;9;58896
﻿ фриз  4.03.202 ;4.03.202;70;346640
﻿ фриз  4.03.301 ;4.03.301;22;70048
﻿ фриз  4.33.101 ;4.33.101;35;185675
﻿ архитрав  4.04.201 ;4.04.201;12;53064
﻿ архитрав  4.34.202 ;4.34.202;4;14148
﻿ архитрав  4.04.101 ;4.04.101;47;166239
﻿ архитрав  4.04.302 ;4.04.302;2;11320
﻿ архитрав  4.34.102 ;4.34.102;50;162071
﻿ балясина  4.71.101 ;4.71.101;1;2655
﻿ крышка  (шар)  4.77.201 ;4.77.201;1;1154
﻿ наличник  4.84.001 ;4.84.001;20;88440
﻿ наличник  4.84.002 ;4.84.002;15;58753
﻿ наличник  4.84.003 ;4.84.003;8;23536
﻿ наличник  4.84.052 ;4.84.052;2;8012
﻿ замковый  камень  4.85.001 ;4.85.001;5;6030
﻿ подоконный  элемент  4.82.001 ;4.82.001;26;137930
﻿ подоконный  элемент  4.82.002 ;4.82.002;2;7782
﻿ подоконный  элемент  4.82.003 ;4.82.003;1;3537
﻿ подоконный  элемент  4.82.201 ;4.82.201;13;34781
﻿ подоконный  элемент  4.82.202 ;4.82.202;24;63720
﻿ подоконный  элемент  4.82.302 ;4.82.302;2;5310
﻿ кронштейн-пьедестал  4.83.201 ;4.83.201;6;11682
﻿ кронштейн-пьедестал  4.83.301 ;4.83.301;1;1769
﻿ кронштейн-пьедестал  4.83.302 ;4.83.302;8;12736
﻿ руст  4.86.003 ;4.86.003;66;76164
﻿ руст  4.86.004 ;4.86.004;69;49134
﻿ руст  4.86.005 ;4.86.005;20;25400
﻿ база  4.53.201 ;4.53.201;4;3728
﻿ база  4.53.301 ;4.53.301;16;10656
﻿ база  4.17.101 ;4.17.101;4;9904
﻿ база  4.23.101 ;4.23.101;1;1860
﻿ база  4.43.301 ;4.43.301;1;2570
﻿ база  4.47.201 ;4.47.201;2;1864
﻿ база  4.13.202 ;4.13.202;2;8174
﻿ капитель  4.51.301 ;4.51.301;16;16992
﻿ капитель  4.15.101 ;4.15.101;4;9556
﻿ капитель  4.21.101 ;4.21.101;1;1860
﻿ капитель  4.41.301 ;4.41.301;2;4906
﻿ модильон  4.08.301 ;4.08.301;68;25500
﻿ модильон  4.08.302 ;4.08.302;10;2340
﻿ ствол  4.52.102 ;4.52.102;1;3537
﻿ ствол  4.16.102 ;4.16.102;4;35364
﻿ ствол  4.22.102 ;4.22.102;1;7957
﻿ ствол  4.42.301 ;4.42.301;1;6421
﻿ ствол  4.52.302 ;4.52.302;4;8492
﻿ ствол  4.12.202 ;4.12.202;1;24504
﻿ E01.M.290  /  Клей  Европласт  Монтажный  290  мл. ;E01.M.290;3732;1859936
﻿ E04.U.290  /  Клей  Европласт  универсальный  290  мл. ;E04.U.290;465;464120
﻿ E02.S.290  /  Клей  Европласт  стыковочный  SMP  290  мл. ;E02.S.290;112;156898
﻿ карниз  1.50.101 ;1.50.101;69;92658
﻿ карниз  1.50.199 ;1.50.199;21;29491
﻿ молдинг  1.51.353 ;1.51.353;16;13680
﻿ молдинг  1.51.356 ;1.51.356;13;14623
﻿ молдинг  1.51.356  гибкий ;1.51.356;2;4298
﻿ откос  4.88.001 ;4.88.001;51;158877
﻿ элемент  камина  1.64.004 ;1.64.004;2;30224
﻿ элемент  камина  1.64.005 ;1.64.005;2;14600
﻿ карниз  1.50.108 ;1.50.108;214;558318
﻿ карниз  1.50.161 ;1.50.161;10;13910
﻿ карниз  1.50.179 ;1.50.179;55;73779
﻿ карниз  1.50.189 ;1.50.189;4;6124
﻿ карниз  1.50.274 ;1.50.274;9;13639
﻿ карниз  1.50.275 ;1.50.275;119;310485
﻿ молдинг  1.51.346 ;1.51.346;217;208439
﻿ розетка  1.56.040 ;1.56.040;2;9400
﻿ розетка  1.56.041 ;1.56.041;1;3110
﻿ кронштейн  1.19.008 ;1.19.008;1;1719
﻿ капитель  1.21.008 ;1.21.008;2;3886
﻿ ствол  1.22.050 ;1.22.050;5;14320
﻿ база  1.23.600 ;1.23.600;4;8148
﻿ карниз  4.91.004 ;4.91.004;9;98514
﻿ замковый  камень  4.85.005 ;4.85.005;6;9096
﻿ наличник  4.84.005 ;4.84.005;135;250155
﻿ молдинг  1.51.359 ;1.51.359;4;4300
﻿ молдинг  1.51.359  гибкий ;1.51.359;6;12894
﻿ наличник  4.84.006 ;4.84.006;23;85215
﻿ карниз  4.91.003 ;4.91.003;4;31120
﻿ кронштейн-пьедестал  4.83.002 ;4.83.002;10;6390
﻿ молдинг  1.51.346  гибкий ;1.51.346;1;1838
﻿ угловой  элемент  1.52.322 ;1.52.322;16;12352
﻿ угловой  элемент  1.52.286 ;1.52.286;1;807
﻿ угловой  элемент  1.52.287 ;1.52.287;5;4285
﻿ карниз  1.50.108  гибкий ;1.50.108;1;5602
﻿ карниз  1.50.276 ;1.50.276;181;266531
﻿ карниз  1.50.278 ;1.50.278;50;72950
﻿ розетка  1.56.044 ;1.56.044;16;47679
﻿ молдинг  1.51.360 ;1.51.360;11;12705
﻿ молдинг  1.51.363 ;1.51.363;282;327303
﻿ молдинг  1.51.363  гибкий ;1.51.363;15;34323
﻿ молдинг  1.51.362 ;1.51.362;211;230836
﻿ молдинг  1.51.362  гибкий ;1.51.362;7;15008
﻿ молдинг  1.51.370 ;1.51.370;19;22401
﻿ плинтус  1.53.110 ;1.53.110;146;292647
﻿ плинтус  1.53.110  гибкий ;1.53.110;11;44784
﻿ E03.S.60  /  Клей  Европласт  стыковочный  SMP  60  мл. ;E03.S.60;91;47312
﻿ база  1.54.030 ;1.54.030;6;6188
﻿ квадрат  1.54.013 ;1.54.013;10;3855
﻿ квадрат  1.54.013 ;1.54.013;13;4771
﻿ база  1.54.030 ;1.54.030;2;1996
﻿ угловой  элемент  1.52.285 ;1.52.285;54;45495
﻿ молдинг  1.51.367 ;1.51.367;48;84060
﻿ молдинг  1.51.367  гибкий ;1.51.367;3;10311
﻿ карниз  1.50.280 ;1.50.280;3;10791
﻿ молдинг  1.51.368 ;1.51.368;7;15142
﻿ орнамент  1.60.025 ;1.60.025;1;1443
﻿ орнамент  1.60.032 ;1.60.032;14;35626
﻿ орнамент  1.60.020 ;1.60.020;2;946
﻿ орнамент  1.60.120 ;1.60.120;2;946
﻿ внешний  угол  4.81.011 ;4.81.011;4;5772
﻿ внешний  угол  4.01.113 ;4.01.113;1;8055
﻿ МОНТАЖНЫЙ  КОМПЛЕКТ ;m_comp_b201;35;311500
﻿ полуоснование  4.74.211 ;4.74.211;1;7428
﻿ орнамент  1.60.026 ;1.60.026;4;1940
﻿ карниз  1.50.281 ;1.50.281;39;143091
﻿ молдинг  1.51.374 ;1.51.374;21;37428
﻿ молдинг  1.51.374  гибкий ;1.51.374;1;3325
﻿ орнамент  1.60.021 ;1.60.021;8;22050
﻿ орнамент  1.60.022 ;1.60.022;6;21090
﻿ орнамент  1.60.024 ;1.60.024;5;7140
﻿ орнамент  1.60.028 ;1.60.028;1;1832
﻿ кронштейн  1.19.010 ;1.19.010;12;20972
﻿ карниз  1.50.286 ;1.50.286;61;85163
﻿ молдинг  1.51.387 ;1.51.387;4;7000
﻿ молдинг  1.51.388 ;1.51.388;1;1750
﻿ база  1.54.040 ;1.54.040;2;2258
﻿ база  1.54.050 ;1.54.050;5;5520
﻿ карниз  1.50.288 ;1.50.288;95;125620
﻿ молдинг  1.51.375 ;1.51.375;18;20226
﻿ карниз  1.50.288  гибкий ;1.50.288;4;10956
﻿ орнамент  1.60.034 ;1.60.034;4;5384
﻿ молдинг  1.51.373 ;1.51.373;4;6884
﻿ орнамент  1.60.030 ;1.60.030;3;3741
﻿ карниз  1.50.277 ;1.50.277;18;49932
﻿ орнамент  1.60.031 ;1.60.031;6;7422
﻿ сандрик  4.89.001 ;4.89.001;32;154848
﻿ торцевой  элемент  4.34.132 ;4.34.132;2;862
﻿ торцевой  элемент  4.01.331 ;4.01.331;68;266696
﻿ торцевой  элемент  4.03.331 ;4.03.331;3;1173
﻿ торцевой  элемент  4.04.231 ;4.04.231;24;9384
﻿ торцевой  элемент  4.82.031 ;4.82.031;32;15616
﻿ арочное  обрамление  4.87.033  гибкий ;4.87.033;9;28656
﻿ карниз  1.50.281  гибкий ;1.50.281;1;7337
﻿ элемент  камина  1.64.001 ;1.64.001;3;48735
﻿ элемент  камина  1.64.002 ;1.64.002;3;28443
﻿ элемент  камина  1.64.003 ;1.64.003;3;28443
﻿ розетка  1.56.050 ;1.56.050;37;70374
﻿ розетка  1.56.047 ;1.56.047;6;11082
﻿ молдинг  1.51.369 ;1.51.369;2;2918
﻿ розетка  1.56.045 ;1.56.045;9;39676
﻿ кронштейн  1.19.009 ;1.19.009;1;1719
﻿ орнамент  1.60.037 ;1.60.037;8;12168
﻿ орнамент  1.60.038 ;1.60.038;2;2902
﻿ наличник  1.54.014 ;1.54.014;4;11300
﻿ розетка  1.56.043 ;1.56.043;1;1591
﻿ розетка  1.56.049 ;1.56.049;5;6975
﻿ угловой  элемент  1.52.375 ;1.52.375;16;15652
﻿ кронштейн  1.19.013 ;1.19.013;2;4224
﻿ молдинг  1.51.338 ;1.51.338;34;31691
﻿ угловой  элемент  1.52.283 ;1.52.283;10;8690
﻿ угловой  элемент  1.52.284 ;1.52.284;2;1838
﻿ кронштейн  1.19.012 ;1.19.012;5;8939
﻿ карниз  1.50.225 ;1.50.225;26;33496
﻿ карниз  1.50.226 ;1.50.226;88;120076
﻿ карниз  1.50.289 ;1.50.289;90;109890
﻿ карниз  1.50.206 ;1.50.206;9;9846
﻿ карниз  1.50.295 ;1.50.295;49;45815
﻿ карниз  1.50.293 ;1.50.293;143;209671
﻿ карниз  1.50.294 ;1.50.294;17;16915
﻿ карниз  1.50.293  гибкий ;1.50.293;12;34920
﻿ карниз  1.50.290  гибкий ;1.50.290;4;10324
﻿ карниз  1.50.295  гибкий ;1.50.295;4;7480
﻿ молдинг  1.51.382 ;1.51.382;2;3736
﻿ молдинг  1.51.377 ;1.51.377;214;203808
﻿ молдинг  1.51.379 ;1.51.379;914;868682
﻿ карниз  1.50.272 ;1.50.272;8;7960
﻿ молдинг  1.51.379  гибкий ;1.51.379;9;17900
﻿ молдинг  1.51.371 ;1.51.371;4;5932
﻿ карниз  1.50.292 ;1.50.292;57;54843
﻿ карниз  1.50.292  гибкий ;1.50.292;3;6090
﻿ карниз  1.50.225  гибкий ;1.50.225;2;5262
﻿ молдинг  1.51.378 ;1.51.378;614;553447
﻿ квадрат  1.54.017 ;1.54.017;12;4380
﻿ карниз  1.50.503 ;1.50.503;9;31505
﻿ молдинг  1.51.503 ;1.51.503;15;29805
﻿ молдинг  1.51.504 ;1.51.504;15;20670
﻿ молдинг  1.51.510 ;1.51.510;37;83228
﻿ декоративная  панель  1.59.501 ;1.59.501;13;23569
﻿ декоративная  панель  1.59.503 ;1.59.503;10;24410
﻿ орнамент  1.60.501 ;1.60.501;17;10652
﻿ розетка  1.56.501 ;1.56.501;10;17050
﻿ розетка  1.56.502 ;1.56.502;5;15535
﻿ розетка  1.56.503 ;1.56.503;5;35950
﻿ декоративная  панель  1.59.001 ;1.59.001;20;44120
﻿ плинтус  1.53.112  гибкий ;1.53.112;17;49419
﻿ молдинг  6.51.301 ;6.51.301;43;16388
﻿ молдинг  6.51.322 ;6.51.322;9;1746
﻿ плинтус  6.53.105 ;6.53.105;13;13650
﻿     1.51.711 ;1.51.711;99;232466
﻿     6.50.702 ;6.50.702;3;2100
﻿     6.50.704 ;6.50.704;11;10637
﻿     6.50.705 ;6.50.705;8;6264
﻿     6.50.706 ;6.50.706;5;7255
﻿     6.50.708 ;6.50.708;24;15228
﻿     6.50.709 ;6.50.709;7;9310
﻿     6.51.702 ;6.51.702;85;35412
﻿     6.51.703 ;6.51.703;24;12912
﻿     6.51.704 ;6.51.704;46;35421
﻿     6.51.705 ;6.51.705;49;25284
﻿     6.51.706 ;6.51.706;5;3858
﻿     6.51.707 ;6.51.707;13;10561
﻿     6.51.708 ;6.51.708;43;42163
﻿     6.51.710 ;6.51.710;17;12971
﻿     6.53.701 ;6.53.701;76;77520
﻿     6.53.702 ;6.53.702;92;55568
﻿     6.53.703 ;6.53.703;9;8703
﻿     6.53.705 ;6.53.705;194;159862
﻿ розетка  1.56.702 ;1.56.702;3;5970
﻿ розетка  1.56.703 ;1.56.703;1;803
﻿ розетка  1.56.707 ;1.56.707;2;4048
﻿ розетка  1.56.708 ;1.56.708;4;9912
﻿ розетка  1.56.709 ;1.56.709;2;3194
﻿     6.51.710 ;6.51.710;15;10535
﻿     1.51.711 ;1.51.711;13;28886
﻿     6.53.701 ;6.53.701;37;37740
﻿     6.53.702 ;6.53.702;51;30804
﻿     6.53.703 ;6.53.703;18;17406
﻿     6.53.704 ;6.53.704;11;11913
﻿     6.53.705 ;6.53.705;16;14204
﻿ молдинг  1.51.378  гибкий ;1.51.378;28;49886
﻿ молдинг  1.51.377  гибкий ;1.51.377;3;5619
﻿ база  1.54.070 ;1.54.070;2;2208
﻿ база  1.54.060 ;1.54.060;1;1104
﻿ база  1.54.070 ;1.54.070;6;6624
﻿ декоративная  панель  1.51.518 ;1.51.518;1;7193
﻿ потолочная  панель  1.57.503 ;1.57.503;40;73084
﻿ карниз  1.50.298  (образец) ;1.50.298;2;200
﻿ карниз  1.50.296  (образец) ;1.50.296;2;200
﻿ плинтус  1.53.108  (образец) ;1.53.108;6;600
﻿ карниз  1.50.227  (образец) ;1.50.227;1;100
﻿ карниз  1.50.299  (образец) ;1.50.299;1;100
﻿ молдинг  1.51.383  (образец) ;1.51.383;2;200
﻿ молдинг  1.51.384  (образец) ;1.51.384;1;100
﻿ карниз  1.50.249  (образец) ;1.50.249;1;100
﻿ карниз  1.50.228  (образец) ;1.50.228;1;100
﻿ карниз  1.50.229  (образец) ;1.50.229;2;200
﻿ карниз  1.50.621  (образец) ;1.50.621;2;200
﻿ карниз  1.50.622  (образец) ;1.50.622;1;100
﻿ карниз  1.50.623  (образец) ;1.50.623;1;100
﻿ молдинг  1.51.604  (образец) ;1.51.604;1;100
﻿ молдинг  1.51.606  (образец) ;1.51.606;1;100
﻿ карниз  1.50.116  (образец) ;1.50.116;1;100
﻿ карниз  1.50.117  (образец) ;1.50.117;5;500
﻿ карниз  1.50.121  (образец) ;1.50.121;3;300
﻿ карниз  1.50.122  (образец) ;1.50.122;2;200
﻿ карниз  1.50.100  (образец) ;1.50.100;2;200
﻿ карниз  1.50.102  (образец) ;1.50.102;1;100
﻿ карниз  1.50.103  (образец) ;1.50.103;1;100
﻿ карниз  1.50.104  (образец) ;1.50.104;1;100
﻿ карниз  1.50.106  (образец) ;1.50.106;5;500
﻿ карниз  1.50.113  (образец) ;1.50.113;2;200
﻿ карниз  1.50.126  (образец) ;1.50.126;2;200
﻿ карниз  1.50.129  (образец) ;1.50.129;1;100
﻿ карниз  1.50.132  (образец) ;1.50.132;4;400
﻿ карниз  1.50.133  (образец) ;1.50.133;2;200
﻿ карниз  1.50.134  (образец) ;1.50.134;2;200
﻿ карниз  1.50.135  (образец) ;1.50.135;3;300
﻿ карниз  1.50.138  (образец) ;1.50.138;2;200
﻿ карниз  1.50.139  (образец) ;1.50.139;4;400
﻿ карниз  1.50.141  (образец) ;1.50.141;1;100
﻿ карниз  1.50.142  (образец) ;1.50.142;4;400
﻿ карниз  1.50.143  (образец) ;1.50.143;1;100
﻿ карниз  1.50.144  (образец) ;1.50.144;2;200
﻿ карниз  1.50.145  (образец) ;1.50.145;2;200
﻿ карниз  1.50.146  (образец) ;1.50.146;3;300
﻿ карниз  1.50.147  (образец) ;1.50.147;1;100
﻿ карниз  1.50.148  (образец) ;1.50.148;3;300
﻿ карниз  1.50.150  (образец) ;1.50.150;2;200
﻿ карниз  1.50.154  (образец) ;1.50.154;4;400
﻿ карниз  1.50.155  (образец) ;1.50.155;1;100
﻿ карниз  1.50.160  (образец) ;1.50.160;6;600
﻿ карниз  1.50.165  (образец) ;1.50.165;4;400
﻿ карниз  1.50.168  (образец) ;1.50.168;2;200
﻿ молдинг  1.51.386  (образец) ;1.51.386;1;100
﻿ плинтус  1.53.112  (образец) ;1.53.112;4;400
﻿ карниз  1.50.169  (образец) ;1.50.169;1;100
﻿ карниз  1.50.170  (образец) ;1.50.170;3;300
﻿ карниз  1.50.171  (образец) ;1.50.171;1;100
﻿ карниз  1.50.172  (образец) ;1.50.172;3;300
﻿ карниз  1.50.176  (образец) ;1.50.176;2;200
﻿ карниз  1.50.177  (образец) ;1.50.177;5;500
﻿ карниз  1.50.182  (образец) ;1.50.182;1;100
﻿ карниз  1.50.190  (образец) ;1.50.190;1;100
﻿ карниз  1.50.191  (образец) ;1.50.191;1;100
﻿ карниз  1.50.193  (образец) ;1.50.193;1;100
﻿ карниз  1.50.196  (образец) ;1.50.196;1;100
﻿ карниз  1.50.203  (образец) ;1.50.203;1;100
﻿ карниз  1.50.208  (образец) ;1.50.208;1;100
﻿ карниз  1.50.209  (образец) ;1.50.209;1;100
﻿ карниз  1.50.221  (образец) ;1.50.221;3;300
﻿ карниз  1.50.253  (образец) ;1.50.253;1;100
﻿ карниз  1.50.255  (образец) ;1.50.255;2;200
﻿ карниз  1.50.256  (образец) ;1.50.256;1;100
﻿ карниз  1.50.259  (образец) ;1.50.259;1;100
﻿ карниз  1.50.260  (образец) ;1.50.260;1;100
﻿ карниз  1.50.261  (образец) ;1.50.261;1;100
﻿ карниз  1.50.262  (образец) ;1.50.262;4;400
﻿ карниз  1.50.264  (образец) ;1.50.264;1;100
﻿ карниз  1.50.266  (образец) ;1.50.266;3;300
﻿ карниз  1.50.269  (образец) ;1.50.269;1;100
﻿ карниз  1.50.270  (образец) ;1.50.270;3;300
﻿ карниз  1.50.271  (образец) ;1.50.271;1;100
﻿ карниз  1.50.273  (образец) ;1.50.273;3;300
﻿ молдинг  1.51.327  (образец) ;1.51.327;2;200
﻿ молдинг  1.51.301  (образец) ;1.51.301;5;500
﻿ молдинг  1.51.305  (образец) ;1.51.305;2;200
﻿ молдинг  1.51.321  (образец) ;1.51.321;6;600
﻿ молдинг  1.51.400  (образец) ;1.51.400;4;400
﻿ молдинг  1.51.302  (образец) ;1.51.302;2;200
﻿ молдинг  1.51.303  (образец) ;1.51.303;3;300
﻿ молдинг  1.51.306  (образец) ;1.51.306;3;300
﻿ молдинг  1.51.307  (образец) ;1.51.307;3;300
﻿ молдинг  1.51.325  (образец) ;1.51.325;1;100
﻿ молдинг  1.51.308  (образец) ;1.51.308;2;200
﻿ молдинг  1.51.310  (образец) ;1.51.310;1;100
﻿ молдинг  1.51.317  (образец) ;1.51.317;2;200
﻿ молдинг  1.51.320  (образец) ;1.51.320;1;100
﻿ молдинг  1.51.322  (образец) ;1.51.322;4;400
﻿ молдинг  1.51.342  (образец) ;1.51.342;1;100
﻿ молдинг  1.51.343  (образец) ;1.51.343;1;100
﻿ молдинг  1.51.344  (образец) ;1.51.344;3;300
﻿ молдинг  1.51.351  (образец) ;1.51.351;1;100
﻿ молдинг  1.51.401  (образец) ;1.51.401;3;300
﻿ молдинг  1.51.323  (образец) ;1.51.323;3;300
﻿ молдинг  1.51.331  (образец) ;1.51.331;1;100
﻿ молдинг  1.51.336  (образец) ;1.51.336;1;100
﻿ молдинг  1.51.347  (образец) ;1.51.347;5;500
﻿ молдинг  1.51.355  (образец) ;1.51.355;3;300
﻿ молдинг  1.51.354  (образец) ;1.51.354;2;200
﻿ плинтус  1.53.103  (образец) ;1.53.103;4;400
﻿ плинтус  1.53.104  (образец) ;1.53.104;1;100
﻿ плинтус  1.53.106  (образец) ;1.53.106;1;100
﻿ плинтус  1.53.107  (образец) ;1.53.107;3;300
﻿ плинтус  1.53.101  (образец) ;1.53.101;1;100
﻿ молдинг  1.51.345  (образец) ;1.51.345;4;400
﻿ молдинг  1.51.357  (образец) ;1.51.357;1;100
﻿ молдинг  1.51.381  (образец) ;1.51.381;1;100
﻿ карниз  1.50.101  (образец) ;1.50.101;3;300
﻿ карниз  1.50.199  (образец) ;1.50.199;1;100
﻿ карниз  1.50.108  (образец) ;1.50.108;6;600
﻿ карниз  1.50.161  (образец) ;1.50.161;1;100
﻿ карниз  1.50.179  (образец) ;1.50.179;1;100
﻿ карниз  1.50.275  (образец) ;1.50.275;1;100
﻿ молдинг  1.51.359  (образец) ;1.51.359;1;100
﻿ карниз  1.50.278  (образец) ;1.50.278;1;100
﻿ молдинг  1.51.360  (образец) ;1.51.360;1;100
﻿ молдинг  1.51.363  (образец) ;1.51.363;1;100
﻿ плинтус  1.53.110  (образец) ;1.53.110;1;100
﻿ молдинг  1.51.374  (образец) ;1.51.374;2;200
﻿ карниз  1.50.286  (образец) ;1.50.286;2;200
﻿ карниз  1.50.277  (образец) ;1.50.277;1;100
﻿ молдинг  1.51.338  (образец) ;1.51.338;2;200
﻿ карниз  1.50.225  (образец) ;1.50.225;1;100
﻿ карниз  1.50.289  (образец) ;1.50.289;1;100
﻿ карниз  1.50.293  (образец) ;1.50.293;1;100
﻿ карниз  1.50.294  (образец) ;1.50.294;1;100
﻿ молдинг  1.51.377  (образец) ;1.51.377;2;200
﻿ молдинг  1.51.379  (образец) ;1.51.379;5;500
﻿ молдинг  1.51.378  (образец) ;1.51.378;3;300
﻿ карниз  1.50.501  (образец) ;1.50.501;1;100
﻿ карниз  1.50.503  (образец) ;1.50.503;1;100
﻿ молдинг  1.51.503  (образец) ;1.51.503;1;100
﻿ молдинг  1.51.504  (образец) ;1.51.504;1;100
﻿ молдинг  1.51.513  (образец) ;1.51.513;1;100
﻿     1.50.710  (образец) ;1.50.710;1;100
﻿     6.51.708  (образец) ;6.51.708;1;100
﻿     6.53.701  (образец) ;6.53.701;1;100
﻿     6.53.702  (образец) ;6.53.702;1;100
