Страница;Заголовок;Мета-описание;Мета слова:
https://perfom-decor.ru/dekorativnii-paneli/6-59-801-280/;Декоративная панель 6.59.801-280 из полистирола купить в Перфом;Декоративная панель 6.59.801-280 из экструдированного пенополистирола купить по выгодной цене в Москве и других регионах от компании Перфом;декоративная панель 6 59 801 280, композитная декоративная панель 6 59 801 280, купить, цена, стоимость, москва, от производителя, заказ, заказать, продажа, производство, перфом, композит, полистирол, пенополистирол, стеновая панель, панель для стен декоративная
https://perfom-decor.ru/dekorativnii-paneli/6-59-802-280/;Декоративная панель 6.59.802-280 из пенополистирола купить в Перфом;Декоративная панель 6.59.802-280 для внутренней отделки стен купить по выгодной цене в Москве и других регионах от компании Перфом;декоративная панель 6 59 802 280, композитная декоративная панель 6 59 802 280, купить, цена, стоимость, москва, от производителя, заказ, заказать, продажа, производство, перфом, композит, полистирол, пенополистирол, стеновая панель, панель для стен декоративная
https://perfom-decor.ru/dekorativnii-paneli/6-59-802/;Декоративная панель 3D 6.59.802 из полистирола купить в Перфом;Декоративная панель 6.59.802 из вспененного полистирола купить по выгодной цене в Москве и других регионах от компании Перфом;декоративная панель 6 59 802, композитная декоративная панель 6 59 802, купить, цена, стоимость, москва, от производителя, заказ, заказать, продажа, производство, перфом, композит, полистирол, пенополистирол, стеновая панель, панель для стен декоративная
https://perfom-decor.ru/dekorativnii-paneli/6-59-803/;Декоративная панель 3D 6.59.803 для стен купить в Перфом;Декоративная панель 6.59.803 из вспененного полистирола купить по выгодной цене в Москве и других регионах от компании Перфом;декоративная панель 6 59 803, композитная декоративная панель 6 59 803, купить, цена, стоимость, москва, от производителя, заказ, заказать, продажа, производство, перфом, композит, полистирол, пенополистирол, стеновая панель, панель для стен декоративная
https://perfom-decor.ru/dekorativnii-paneli/6-59-804-280/;Декоративная панель 6.59.804 для внутренней отделки купить в Перфом;Композитная декоративная панель 6.59.804 для стен купить по выгодной цене в Москве и других регионах от компании Перфом;декоративная панель 6 59 804, композитная декоративная панель 6 59 804, купить, цена, стоимость, москва, от производителя, заказ, заказать, продажа, производство, перфом, композит, полистирол, пенополистирол, стеновая панель, панель для стен декоративная
https://perfom-decor.ru/dekorativnii-paneli/6-59-804/;Декоративная панель 6.59.804-280 из полистирола купить в Перфом;Декоративная панель 6.59.804-280 из композитного материала купить по выгодной цене в Москве и других регионах от компании Перфом;декоративная панель 6 59 804 280, композитная декоративная панель 6 59 804 280, купить, цена, стоимость, москва, от производителя, заказ, заказать, продажа, производство, перфом, композит, полистирол, пенополистирол, стеновая панель, панель для стен декоративная
https://perfom-decor.ru/dekorativnii-paneli/6-59-806-280/;Декоративная панель 6.59.806-280 для стен купить в Перфом;Декоративная панель 6.59.806-280 на основе экструдированного пенополистирола купить по выгодной цене в Москве и других регионах от компании Перфом;декоративная панель 6 59 806 280, композитная декоративная панель 6 59 806 280, купить, цена, стоимость, москва, от производителя, заказ, заказать, продажа, производство, перфом, композит, полистирол, пенополистирол, стеновая панель, панель для стен декоративная
https://perfom-decor.ru/dekorativnii-paneli/6-59-806/;Декоративная панель 3D 6.59.806 для стен купить в Перфом;Стеновая декоративная панель 6.59.806 из композитного материала купить по выгодной цене в Москве и других регионах от компании Перфом;декоративная панель 6 59 806, композитная декоративная панель 6 59 806, купить, цена, стоимость, москва, от производителя, заказ, заказать, продажа, производство, перфом, композит, полистирол, пенополистирол, стеновая панель, панель для стен декоративная
https://perfom-decor.ru/karnizy/6-50-101/;Купить карниз 6.50.101 из пенополистирола в Перфом;"Компания ""Перфом"" предлагает купить галтель 6.50.101 из композита по выгодной цене в Москве и других регионах";карниз 6.50.101, потолочный плинтус 6.50.101, галтель 6.50.101, плинтус для потолка 6.50.101, купить, цена, стоимость, продажа, заказ, заказать, производитель, москва, перфом
https://perfom-decor.ru/karnizy/6-50-103/;Купить карниз 6.50.103 из полистирола в Перфом;"Компания ""Перфом"" предлагает купить потолочный плинтус 6.50.103 из пенополистирола по выгодной цене в Москве и других регионах";карниз 6.50.103, потолочный плинтус 6.50.103, галтель 6.50.103, плинтус для потолка 6.50.103, купить, цена, стоимость, продажа, заказ, заказать, производитель, москва, перфом
https://perfom-decor.ru/karnizy/6-50-105/;Купить карниз 6.50.105 из экструдированного полистирола в Перфом;"Компания ""Перфом"" предлагает купить плинтус для потолка 6.50.105 из полимерного материала по выгодной цене в Москве и других регионах";карниз 6.50.105, потолочный плинтус 6.50.105, галтель 6.50.105, плинтус для потолка 6.50.105, купить, цена, стоимость, продажа, заказ, заказать, производитель, москва, перфом
https://perfom-decor.ru/karnizy/6-50-108/;Купить карниз 6.50.108 из ППС в Перфом;"Компания ""Перфом"" предлагает купить галтель 6.50.108 из пенополистирола по выгодной цене в Москве и других регионах";карниз 6.50.108, потолочный плинтус 6.50.108, галтель 6.50.108, плинтус для потолка 6.50.108, купить, цена, стоимость, продажа, заказ, заказать, производитель, москва, перфом
https://perfom-decor.ru/karnizy/6-50-113/;Купить карниз 6.50.113 из полимера в Перфом;"Компания ""Перфом"" предлагает купить плинтус 6.50.113 для натяжных потолков по выгодной цене в Москве и других регионах";карниз 6.50.113, потолочный плинтус 6.50.113, галтель 6.50.113, плинтус для потолка 6.50.113, купить, цена, стоимость, продажа, заказ, заказать, производитель, москва, перфом
https://perfom-decor.ru/karnizy/6-50-115/;Купить карниз 6.50.115 из композита в Перфом;"Компания ""Перфом"" предлагает купить декоративный карниз 6.50.115 из композитного материала по выгодной цене в Москве и других регионах";карниз 6.50.115, потолочный плинтус 6.50.115, галтель 6.50.115, плинтус для потолка 6.50.115, купить, цена, стоимость, продажа, заказ, заказать, производитель, москва, перфом
https://perfom-decor.ru/karnizy/6-50-130/;Купить карниз 6.50.130 из композитного материала в Перфом;"Компания ""Перфом"" предлагает купить потолочный карниз 6.50.130 из композита по выгодной цене в Москве и других регионах";карниз 6.50.130, потолочный плинтус 6.50.130, галтель 6.50.130, плинтус для потолка 6.50.130, купить, цена, стоимость, продажа, заказ, заказать, производитель, москва, перфом
https://perfom-decor.ru/karnizy/6-50-154/;Купить карниз 6.50.154 из пенополистирола в Перфом;"Компания ""Перфом"" предлагает купить галтель 6.50.154 из полистирола по выгодной цене в Москве и других регионах";карниз 6.50.154, потолочный плинтус 6.50.154, галтель 6.50.154, плинтус для потолка 6.50.154, купить, цена, стоимость, продажа, заказ, заказать, производитель, москва, перфом
https://perfom-decor.ru/karnizy/6-50-155/;Купить карниз 6.50.155 из полистирола в Перфом;"Компания ""Перфом"" предлагает купить карниз 6.50.155 из пенополистирола по выгодной цене в Москве и других регионах";карниз 6.50.155, потолочный плинтус 6.50.155, галтель 6.50.155, плинтус для потолка 6.50.155, купить, цена, стоимость, продажа, заказ, заказать, производитель, москва, перфом
https://perfom-decor.ru/karnizy/6-50-157/;Купить карниз 6.50.157 из экструдированного полистирола в Перфом;"Компания ""Перфом"" предлагает купить потолочный плинтус 6.50.157 из пенополистирола по выгодной цене в Москве и других регионах";карниз 6.50.157, потолочный плинтус 6.50.157, галтель 6.50.157, плинтус для потолка 6.50.157, купить, цена, стоимость, продажа, заказ, заказать, производитель, москва, перфом
https://perfom-decor.ru/karnizy/6-50-160/;Купить карниз 6.50.160 из ППС в Перфом;"Компания ""Перфом"" предлагает купить галтель 6.50.160 из полимера по выгодной цене в Москве и других регионах";карниз 6.50.160, потолочный плинтус 6.50.160, галтель 6.50.160, плинтус для потолка 6.50.160, купить, цена, стоимость, продажа, заказ, заказать, производитель, москва, перфом
https://perfom-decor.ru/karnizy/6-50-165/;Купить карниз 6.50.165 из композита в Перфом;"Компания ""Перфом"" предлагает купить плинтус для натяжного потолка 6.50.165 по выгодной цене в Москве и других регионах";карниз 6.50.165, потолочный плинтус 6.50.165, галтель 6.50.165, плинтус для потолка 6.50.165, купить, цена, стоимость, продажа, заказ, заказать, производитель, москва, перфом
https://perfom-decor.ru/karnizy/6-50-171/;Купить карниз 6.50.171 из полимера в Перфом;"Компания ""Перфом"" предлагает купить плинтус 6.50.171 потолочный экструдированный по выгодной цене в Москве и других регионах";карниз 6.50.171, потолочный плинтус 6.50.171, галтель 6.50.171, плинтус для потолка 6.50.171, купить, цена, стоимость, продажа, заказ, заказать, производитель, москва, перфом
https://perfom-decor.ru/karnizy/6-50-172/;Купить карниз 6.50.172 из композитного материала в Перфом;"Компания ""Перфом"" предлагает купить галтель 6.50.172 из экструдированного пенополистирола по выгодной цене в Москве и других регионах";карниз 6.50.172, потолочный плинтус 6.50.172, галтель 6.50.172, плинтус для потолка 6.50.172, купить, цена, стоимость, продажа, заказ, заказать, производитель, москва, перфом
https://perfom-decor.ru/karnizy/6-50-174/;Купить карниз 6.50.174 из экструдированного пенополистирола в Перфом;"Компания ""Перфом"" предлагает купить карниз 6.50.174 из полистирола по выгодной цене в Москве и других регионах";карниз 6.50.174, потолочный плинтус 6.50.174, галтель 6.50.174, плинтус для потолка 6.50.174, купить, цена, стоимость, продажа, заказ, заказать, производитель, москва, перфом
https://perfom-decor.ru/karnizy/6-50-229/;Купить карниз 6.50.229 из полистирола в Перфом;"Компания ""Перфом"" предлагает купить карниз 6.50.229 из ППС по выгодной цене в Москве и других регионах";карниз 6.50.229, потолочный плинтус 6.50.229, галтель 6.50.229, плинтус для потолка 6.50.229, купить, цена, стоимость, продажа, заказ, заказать, производитель, москва, перфом
https://perfom-decor.ru/karnizy/6-50-230/;Купить карниз 6.50.230 из ППС в Перфом;"Компания ""Перфом"" предлагает купить карниз 6.50.230 из полимера по выгодной цене в Москве и других регионах";карниз 6.50.230, потолочный плинтус 6.50.230, галтель 6.50.230, плинтус для потолка 6.50.230, купить, цена, стоимость, продажа, заказ, заказать, производитель, москва, перфом
https://perfom-decor.ru/karnizy/6-50-238/;Купить карниз 6.50.238 из пенополистирола в Перфом;"Компания ""Перфом"" предлагает купить галтель 6.50.238 из полимерного материала по выгодной цене в Москве и других регионах";карниз 6.50.238, потолочный плинтус 6.50.238, галтель 6.50.238, плинтус для потолка 6.50.238, купить, цена, стоимость, продажа, заказ, заказать, производитель, москва, перфом
https://perfom-decor.ru/karnizy/6-50-239/;Купить карниз 6.50.239 из полимера в Перфом;"Компания ""Перфом"" предлагает купить ударопрочный плинтус 6.50.239 по выгодной цене в Москве и других регионах";карниз 6.50.239, потолочный плинтус 6.50.239, галтель 6.50.239, плинтус для потолка 6.50.239, купить, цена, стоимость, продажа, заказ, заказать, производитель, москва, перфом
https://perfom-decor.ru/karnizy/6-50-240/;Купить карниз 6.50.240 из композитного материала в Перфом;"Компания ""Перфом"" предлагает купить карниз 6.50.240 из экструдированного полистирола по выгодной цене в Москве и других регионах";карниз 6.50.240, потолочный плинтус 6.50.240, галтель 6.50.240, плинтус для потолка 6.50.240, купить, цена, стоимость, продажа, заказ, заказать, производитель, москва, перфом
https://perfom-decor.ru/karnizy/6-50-241/;Купить карниз 6.50.241 из композита в Перфом;"Компания ""Перфом"" предлагает купить карниз 6.50.241 из композитного материала по выгодной цене в Москве и других регионах";карниз 6.50.241, потолочный плинтус 6.50.241, галтель 6.50.241, плинтус для потолка 6.50.241, купить, цена, стоимость, продажа, заказ, заказать, производитель, москва, перфом
https://perfom-decor.ru/karnizy/6-50-242/;Купить карниз 6.50.242 из полистирола в Перфом;"Компания ""Перфом"" предлагает купить галтель 6.50.242 из ППС по выгодной цене в Москве и других регионах";карниз 6.50.242, потолочный плинтус 6.50.242, галтель 6.50.242, плинтус для потолка 6.50.242, купить, цена, стоимость, продажа, заказ, заказать, производитель, москва, перфом
https://perfom-decor.ru/karnizy/6-50-243/;Купить карниз 6.50.243 из пенополистирола в Перфом;"Компания ""Перфом"" предлагает купить плинтус для потолка 6.50.243 из пенополистирола по выгодной цене в Москве и других регионах";карниз 6.50.243, потолочный плинтус 6.50.243, галтель 6.50.243, плинтус для потолка 6.50.243, купить, цена, стоимость, продажа, заказ, заказать, производитель, москва, перфом
https://perfom-decor.ru/karnizy/6-50-244/;Купить карниз 6.50.244 из экструдированного пенополистирола в Перфом;"Компания ""Перфом"" предлагает купить потолочный плинтус 6.50.244 из полистирола по выгодной цене в Москве и других регионах";карниз 6.50.244, потолочный плинтус 6.50.244, галтель 6.50.244, плинтус для потолка 6.50.244, купить, цена, стоимость, продажа, заказ, заказать, производитель, москва, перфом
https://perfom-decor.ru/karnizy/6-50-245/;Купить карниз 6.50.245 из ППС в Перфом;"Компания ""Перфом"" предлагает купить галтель 6.50.245 из полимера по выгодной цене в Москве и других регионах";карниз 6.50.245, потолочный плинтус 6.50.245, галтель 6.50.245, плинтус для потолка 6.50.245, купить, цена, стоимость, продажа, заказ, заказать, производитель, москва, перфом
https://perfom-decor.ru/karnizy/6-50-246/;Купить карниз 6.50.246 из полимера в Перфом;"Компания ""Перфом"" предлагает купить карниз 6.50.246 из ППС по выгодной цене в Москве и других регионах";карниз 6.50.246, потолочный плинтус 6.50.246, галтель 6.50.246, плинтус для потолка 6.50.246, купить, цена, стоимость, продажа, заказ, заказать, производитель, москва, перфом
https://perfom-decor.ru/karnizy/6-50-247/;Купить карниз 6.50.247 из пенополистирола в Перфом;"Компания ""Перфом"" предлагает купить потолочный карниз 6.50.247 из полистирола по выгодной цене в Москве и других регионах";карниз 6.50.247, потолочный плинтус 6.50.247, галтель 6.50.247, плинтус для потолка 6.50.247, купить, цена, стоимость, продажа, заказ, заказать, производитель, москва, перфом
https://perfom-decor.ru/karnizy/6-50-248/;Купить карниз 6.50.248 из полистирола в Перфом;"Компания ""Перфом"" предлагает купить карниз 6.50.248 из композитного материала по выгодной цене в Москве и других регионах";карниз 6.50.248, потолочный плинтус 6.50.248, галтель 6.50.248, плинтус для потолка 6.50.248, купить, цена, стоимость, продажа, заказ, заказать, производитель, москва, перфом
https://perfom-decor.ru/karnizy/6-50-297/;Купить карниз 6.50.297 из композитного материала в Перфом;"Компания ""Перфом"" предлагает купить галтель 6.50.297 из композита по выгодной цене в Москве и других регионах";карниз 6.50.297, потолочный плинтус 6.50.297, галтель 6.50.297, плинтус для потолка 6.50.297, купить, цена, стоимость, продажа, заказ, заказать, производитель, москва, перфом
https://perfom-decor.ru/karnizy/6-50-298/;Купить карниз 6.50.298 из композита в Перфом;"Компания ""Перфом"" предлагает купить потолочный плинтус 6.50.298 из полимерного материала по выгодной цене в Москве и других регионах";карниз 6.50.298, потолочный плинтус 6.50.298, галтель 6.50.298, плинтус для потолка 6.50.298, купить, цена, стоимость, продажа, заказ, заказать, производитель, москва, перфом
https://perfom-decor.ru/karnizy/6-50-299/;Купить карниз 6.50.299 из экструдированного полистирола в Перфом;"Компания ""Перфом"" предлагает купить потолочный плинтус 6.50.299 из полимерного материала по выгодной цене в Москве и других регионах";карниз 6.50.299, потолочный плинтус 6.50.299, галтель 6.50.299, плинтус для потолка 6.50.299, купить, цена, стоимость, продажа, заказ, заказать, производитель, москва, перфом
https://perfom-decor.ru/karnizy/6-50-701/;Купить карниз 6.50.701 из ППС в Перфом;"Компания ""Перфом"" предлагает купить карниз 6.50.701 из полимера по выгодной цене в Москве и других регионах";карниз 6.50.701, потолочный плинтус 6.50.701, галтель 6.50.701, плинтус для потолка 6.50.701, купить, цена, стоимость, продажа, заказ, заказать, производитель, москва, перфом
https://perfom-decor.ru/karnizy/6-50-702/;Купить карниз 6.50.702 из полимера в Перфом;"Компания ""Перфом"" предлагает купить галтель 6.50.702 из полимерного материала по выгодной цене в Москве и других регионах";карниз 6.50.702, потолочный плинтус 6.50.702, галтель 6.50.702, плинтус для потолка 6.50.702, купить, цена, стоимость, продажа, заказ, заказать, производитель, москва, перфом
https://perfom-decor.ru/karnizy/6-50-703/;Купить карниз 6.50.703 из композита в Перфом;"Компания ""Перфом"" предлагает купить карниз 6.50.703 из полимера по выгодной цене в Москве и других регионах";карниз 6.50.703, потолочный плинтус 6.50.703, галтель 6.50.703, плинтус для потолка 6.50.703, купить, цена, стоимость, продажа, заказ, заказать, производитель, москва, перфом
https://perfom-decor.ru/karnizy/6-50-704/;Купить карниз 6.50.704 из композитного материала в Перфом;"Компания ""Перфом"" предлагает купить потолочный карниз 6.50.704 из полистирола по выгодной цене в Москве и других регионах";карниз 6.50.704, потолочный плинтус 6.50.704, галтель 6.50.704, плинтус для потолка 6.50.704, купить, цена, стоимость, продажа, заказ, заказать, производитель, москва, перфом
https://perfom-decor.ru/karnizy/6-50-705/;Купить карниз 6.50.705 из полимерного материала в Перфом;"Компания ""Перфом"" предлагает купить карниз 6.50.705 из пенополистирола по выгодной цене в Москве и других регионах";карниз 6.50.705, потолочный плинтус 6.50.705, галтель 6.50.705, плинтус для потолка 6.50.705, купить, цена, стоимость, продажа, заказ, заказать, производитель, москва, перфом
https://perfom-decor.ru/karnizy/6-50-706/;Купить карниз 6.50.706 из вспененного Перфом;"Компания ""Перфом"" предлагает купить карниз 6.50.706 из полистирола по выгодной цене в Москве и других регионах";карниз 6.50.706, потолочный плинтус 6.50.706, галтель 6.50.706, плинтус для потолка 6.50.706, купить, цена, стоимость, продажа, заказ, заказать, производитель, москва, перфом
https://perfom-decor.ru/karnizy/6-50-708/;Купить карниз 6.50.708 из композита в Перфом;"Компания ""Перфом"" предлагает купить карниз 6.50.708 из ППС по выгодной цене в Москве и других регионах";карниз 6.50.708, потолочный плинтус 6.50.708, галтель 6.50.708, плинтус для потолка 6.50.708, купить, цена, стоимость, продажа, заказ, заказать, производитель, москва, перфом
https://perfom-decor.ru/karnizy/6-50-709/;Купить карниз 6.50.709 из полистирола в Перфом;"Компания ""Перфом"" предлагает купить потолочный плинтус 6.50.709 из композита по выгодной цене в Москве и других регионах";карниз 6.50.709, потолочный плинтус 6.50.709, галтель 6.50.709, плинтус для потолка 6.50.709, купить, цена, стоимость, продажа, заказ, заказать, производитель, москва, перфом
https://perfom-decor.ru/karnizy/6-50-711/;Купить карниз 6.50.711 из пенополистирола в Перфом;"Компания ""Перфом"" предлагает купить плинтус для потолка 6.50.711 из композитного материала по выгодной цене в Москве и других регионах";карниз 6.50.711, потолочный плинтус 6.50.711, галтель 6.50.711, плинтус для потолка 6.50.711, купить, цена, стоимость, продажа, заказ, заказать, производитель, москва, перфом
https://perfom-decor.ru/karnizy/6-50-712/;Купить карниз 6.50.712 из композитного материала в Перфом;"Компания ""Перфом"" предлагает купить ударопрочный карниз 6.50.712 из композита по выгодной цене в Москве и других регионах";карниз 6.50.712, потолочный плинтус 6.50.712, галтель 6.50.712, плинтус для потолка 6.50.712, купить, цена, стоимость, продажа, заказ, заказать, производитель, москва, перфом
https://perfom-decor.ru/karnizy/6-50-713/;Купить карниз 6.50.713 из ППС в Перфом;"Компания ""Перфом"" предлагает купить карниз 6.50.713 из композита по выгодной цене в Москве и других регионах";карниз 6.50.713, потолочный плинтус 6.50.713, галтель 6.50.713, плинтус для потолка 6.50.713, купить, цена, стоимость, продажа, заказ, заказать, производитель, москва, перфом
https://perfom-decor.ru/karnizy/6-50-714/;Купить карниз 6.50.714 из полимера в Перфом;"Компания ""Перфом"" предлагает купить галтель 6.50.714 из ППС по выгодной цене в Москве и других регионах";карниз 6.50.714, потолочный плинтус 6.50.714, галтель 6.50.714, плинтус для потолка 6.50.714, купить, цена, стоимость, продажа, заказ, заказать, производитель, москва, перфом
https://perfom-decor.ru/karnizy/6-50-715/;Купить карниз 6.50.715 из полимерного материала в Перфом;"Компания ""Перфом"" предлагает купить ударопрочный карниз 6.50.715 из полимера по выгодной цене в Москве и других регионах";карниз 6.50.715, потолочный плинтус 6.50.715, галтель 6.50.715, плинтус для потолка 6.50.715, купить, цена, стоимость, продажа, заказ, заказать, производитель, москва, перфом
https://perfom-decor.ru/karnizy/6-50-716/;Купить карниз 6.50.716 из экструдированного полистирола в Перфом;"Компания ""Перфом"" предлагает купить галтель 6.50.716 из пенополистирола по выгодной цене в Москве и других регионах";карниз 6.50.716, потолочный плинтус 6.50.716, галтель 6.50.716, плинтус для потолка 6.50.716, купить, цена, стоимость, продажа, заказ, заказать, производитель, москва, перфом
https://perfom-decor.ru/karnizy/6-50-719/;Купить карниз 6.50.719 из пенополистирола в Перфом;"Компания ""Перфом"" предлагает купить карниз 6.50.719 из композита по выгодной цене в Москве и других регионах";карниз 6.50.719, потолочный плинтус 6.50.719, галтель 6.50.719, плинтус для потолка 6.50.719, купить, цена, стоимость, продажа, заказ, заказать, производитель, москва, перфом
https://perfom-decor.ru/karnizy/6-50-801/;Карниз 6.50.801 из композитного материала купить в Перфом;"Компания ""Перфом"" предлагает купить карниз 6.50.801 из полистирола по выгодной цене в Москве и других регионах";карниз 6.50.801, потолочный плинтус 6.50.801, галтель 6.50.801, плинтус для потолка 6.50.801, купить, цена, стоимость, продажа, заказ, заказать, производитель, москва, перфом
https://perfom-decor.ru/karnizy/6-50-802/;Карниз 6.50.802 из полистирола купить в Перфом;"Компания ""Перфом"" предлагает купить карниз для потолка 6.50.802 из пенополистирола по выгодной цене в Москве и других регионах";карниз 6.50.802, потолочный плинтус 6.50.802, галтель 6.50.802, плинтус для потолка 6.50.802, купить, цена, стоимость, продажа, заказ, заказать, производитель, москва, перфом
https://perfom-decor.ru/karnizy/6-50-803/;Карниз 6.50.803 из композитного материала купить в Перфом;"Компания ""Перфом"" предлагает купить галтель 6.50.803 из ППС по выгодной цене в Москве и других регионах";карниз 6.50.803, потолочный плинтус 6.50.803, галтель 6.50.803, плинтус для потолка 6.50.803, купить, цена, стоимость, продажа, заказ, заказать, производитель, москва, перфом
https://perfom-decor.ru/karnizy/6-50-804/;Карниз 6.50.804 из ППС купить в Перфом;"Компания ""Перфом"" предлагает купить карниз для потолка 6.50.804 из полимера по выгодной цене в Москве и других регионах";карниз 6.50.804, потолочный плинтус 6.50.804, галтель 6.50.804, плинтус для потолка 6.50.804, купить, цена, стоимость, продажа, заказ, заказать, производитель, москва, перфом
https://perfom-decor.ru/karnizy/6-51-710-1/;Карниз 6.51.710 из полимера купить в Перфом;"Компания ""Перфом"" предлагает купить потолочный плинтус 6.51.710 из полимерного материала по выгодной цене в Москве и других регионах";карниз 6.51.710, потолочный плинтус 6.51.710, галтель 6.51.710, плинтус для потолка 6.51.710, купить, цена, стоимость, продажа, заказ, заказать, производитель, москва, перфом
https://perfom-decor.ru/karnizy/6-53-701-1/;Карниз 6.53.701 из полимерного материала купить в Перфом;"Компания ""Перфом"" предлагает купить карниз 6.53.701 из пенополистирола по выгодной цене в Москве и других регионах";карниз 6.53.701, потолочный плинтус 6.53.701, галтель 6.53.701, плинтус для потолка 6.53.701, купить, цена, стоимость, продажа, заказ, заказать, производитель, москва, перфом
https://perfom-decor.ru/karnizy/6-53-702-1/;Карниз 6.53.702 из ППС купить в Перфом;"Компания ""Перфом"" предлагает купить галтель 6.53.702 из полистирола по выгодной цене в Москве и других регионах";карниз 6.53.702, потолочный плинтус 6.53.702, галтель 6.53.702, плинтус для потолка 6.53.702, купить, цена, стоимость, продажа, заказ, заказать, производитель, москва, перфом
https://perfom-decor.ru/karnizy/6-53-703-1/;Карниз 6.53.703 из пенополистирола купить в Перфом;"Компания ""Перфом"" предлагает купить карниз 6.53.703 из ППС по выгодной цене в Москве и других регионах";карниз 6.53.703, потолочный плинтус 6.53.703, галтель 6.53.703, плинтус для потолка 6.53.703, купить, цена, стоимость, продажа, заказ, заказать, производитель, москва, перфом
https://perfom-decor.ru/karnizy/6-53-704-1/;Карниз 6.53.704 из полимера купить в Перфом;"Компания ""Перфом"" предлагает купить карниз потолочный 6.53.704 из полистирола по выгодной цене в Москве и других регионах";карниз 6.53.704, потолочный плинтус 6.53.704, галтель 6.53.704, плинтус для потолка 6.53.704, купить, цена, стоимость, продажа, заказ, заказать, производитель, москва, перфом
https://perfom-decor.ru/karnizy/6-53-705-1/;Карниз 6.53.705 из полимерного материала купить в Перфом;"Компания ""Перфом"" предлагает купить карниз 6.53.705 по выгодной цене в Москве и других регионах";карниз 6.53.705, потолочный плинтус 6.53.705, галтель 6.53.705, плинтус для потолка 6.53.705, купить, цена, стоимость, продажа, заказ, заказать, производитель, москва, перфом
