Страница;Title;Description;Keywords
https://perfom-decor.ru/moldingi/6-51-301/;Купить молдинг 6.51.301 из полистирола в Перфом;Компания «Перфом» предлагает купить молдинг 6.51.301 из композита по выгодной цене в Москве и других регионах;молдинг 6 51 301, полистирол, пенополистирол, ппс, композит, купить, цена, стоимость, продажа, заказ, заказать, производитель, москва, перфом
https://perfom-decor.ru/moldingi/6-51-302/;Купить молдинг 6.51.302 из полистирола в Перфом;Компания «Перфом» предлагает купить молдинг 6.51.302 из композита по выгодной цене в Москве и других регионах;молдинг 6 51 302, полистирол, пенополистирол, ппс, композит, купить, цена, стоимость, продажа, заказ, заказать, производитель, москва, перфом
https://perfom-decor.ru/moldingi/6-51-307/;Купить молдинг 6.51.307 из композита в Перфом;Компания «Перфом» предлагает купить молдинг 6.51.307 из композитного материала по выгодной цене в Москве и других регионах;молдинг 6 51 307, полистирол, пенополистирол, ппс, композит, купить, цена, стоимость, продажа, заказ, заказать, производитель, москва, перфом
https://perfom-decor.ru/moldingi/6-51-308/;Купить молдинг 6.51.308 из полистирола в Перфом;Компания «Перфом» предлагает купить молдинг 6.51.308 из пенополистирола по выгодной цене в Москве и других регионах;молдинг 6 51 308, полистирол, пенополистирол, ппс, композит, купить, цена, стоимость, продажа, заказ, заказать, производитель, москва, перфом
https://perfom-decor.ru/moldingi/6-51-322/;Купить молдинг 6.51.322 из пенополистирола в Перфом;Компания «Перфом» предлагает купить молдинг 6.51.322 из композитного материала по выгодной цене в Москве и других регионах;молдинг 6 51 322, полистирол, пенополистирол, ппс, композит, купить, цена, стоимость, продажа, заказ, заказать, производитель, москва, перфом
https://perfom-decor.ru/moldingi/6-51-363/;Купить молдинг 6.51.363 из композита в Перфом;Компания «Перфом» предлагает купить молдинг 6.51.363 из композитного материала по выгодной цене в Москве и других регионах;молдинг 6 51 363, полистирол, пенополистирол, ппс, композит, купить, цена, стоимость, продажа, заказ, заказать, производитель, москва, перфом
https://perfom-decor.ru/moldingi/6-51-385/;Купить молдинг 6.51.385 из пенополистирола в Перфом;Компания «Перфом» предлагает купить молдинг 6.51.385 из композита по выгодной цене в Москве и других регионах;молдинг 6 51 385, полистирол, пенополистирол, ппс, композит, купить, цена, стоимость, продажа, заказ, заказать, производитель, москва, перфом
https://perfom-decor.ru/moldingi/6-51-400/;Купить молдинг 6.51.400 из композитного материала в Перфом;Компания «Перфом» предлагает купить молдинг 6.51.400 из пенополистирола по выгодной цене в Москве и других регионах;молдинг 6 51 400, полистирол, пенополистирол, ппс, композит, купить, цена, стоимость, продажа, заказ, заказать, производитель, москва, перфом
https://perfom-decor.ru/plintusy/6-53-103/;Плинтус 6.53.103 из пенополистирола купить от Перфом;Плинтус 6.53.103 из полистирола купить по выгодной цене производителя в Москве и других регионах России от компании Перфом;плинтус 6 53 103, напольный плинтус 6 53 103, плинтус 6 53 103 из композита, композитный плинтус 6 53 103, купить, продажа, цена, стоимость, москва, оптом, розница, заказ, заказать, от производителя, производство, перфом
https://perfom-decor.ru/plintusy/6-53-104/;Плинтус 6.53.104 из композита купить от производителя Перфом;Плинтус 6.53.104 из пенополистирола купить по выгодной цене производителя в Москве и других регионах России от компании Перфом;плинтус 6 53 104, напольный плинтус 6 53 104, плинтус 6 53 104 из композита, композитный плинтус 6 53 104, купить, продажа, цена, стоимость, москва, оптом, розница, заказ, заказать, от производителя, производство, перфом
https://perfom-decor.ru/plintusy/6-53-108/;Плинтус 6.53.108 из полистирола купить от производителя Перфом;Плинтус 6.53.108 из композиционного полимера купить по выгодной цене производителя в Москве и других регионах России от компании Перфом;плинтус 6 53 108, напольный плинтус 6 53 108, плинтус 6 53 108 из композита, композитный плинтус 6 53 108, купить, продажа, цена, стоимость, москва, оптом, розница, заказ, заказать, от производителя, производство, перфом
https://perfom-decor.ru/plintusy/6-53-109/;Плинтус 6.53.109 из композитного материала купить от Перфом;Плинтус 6.53.109 из композиционного полимера купить по выгодной цене производителя в Москве и других регионах России от компании Перфом;плинтус 6 53 109, напольный плинтус 6 53 109, плинтус 6 53 109 из композита, композитный плинтус 6 53 109, купить, продажа, цена, стоимость, москва, оптом, розница, заказ, заказать, от производителя, производство, перфом
https://perfom-decor.ru/plintusy/6-53-110/;Плинтус 6.53.110 из композитного полимера купить от Перфом;Плинтус 6.53.110 из композиционного полимера купить по выгодной цене производителя в Москве и других регионах России от компании Перфом;плинтус 6 53 110, напольный плинтус 6 53 110, плинтус 6 53 110 из композита, композитный плинтус 6 53 110, купить, продажа, цена, стоимость, москва, оптом, розница, заказ, заказать, от производителя, производство, перфом
https://perfom-decor.ru/plintusy/6-53-112/;Плинтус 6.53.112 из полистирола купить от Перфом;Плинтус 6.53.112 из пенополистирола купить по выгодной цене производителя в Москве и других регионах России от компании Перфом;плинтус 6 53 112, напольный плинтус 6 53 112, плинтус 6 53 112 из композита, композитный плинтус 6 53 112, купить, продажа, цена, стоимость, москва, оптом, розница, заказ, заказать, от производителя, производство, перфом
https://perfom-decor.ru/plintusy/6-53-116/;Плинтус 6.53.116 из композита купить от производителя Перфом;Плинтус 6.53.116 из композиционного полимера купить по выгодной цене производителя в Москве и других регионах России от компании Перфом;плинтус 6 53 116, напольный плинтус 6 53 116, плинтус 6 53 116 из композита, композитный плинтус 6 53 116, купить, продажа, цена, стоимость, москва, оптом, розница, заказ, заказать, от производителя, производство, перфом
