Страница;Title
https://perfom-decor.ru/antablementy/arhitravy/;Архитравы из ППС (перфома) купить в Санкт-Петербурге от Европласт
https://perfom-decor.ru/antablementy/dopolnitelnye-elementy-antablementy/;Балюстрады из ППС (перфома) купить в Санкт-Петербурге от Европласт
https://perfom-decor.ru/antablementy/frizy/;Фризы из ППС (перфома) купить в Санкт-Петербурге от Европласт
https://perfom-decor.ru/antablementy/karnizi/;Карнизы из ППС (перфома) купить в Санкт-Петербурге от Европласт
https://perfom-decor.ru/arochnye-obramlenija/;Арочные обрамления из ППС (перфома) купить в Санкт-Петербурге от Европласт
https://perfom-decor.ru/baljustrady/baljasiny/;Балясины из ППС (перфома) купить в Санкт-Петербурге от Европласт
https://perfom-decor.ru/baljustrady/dopolnitelnye-elementy-baljustrady/;Балюстрады из ППС (перфома) купить в Санкт-Петербурге от Европласт
https://perfom-decor.ru/baljustrady/kryshki-stolba/;Крышки столба из ППС (перфома) купить в Санкт-Петербурге от Европласт
https://perfom-decor.ru/baljustrady/osnovanija/;Основания из ППС (перфома) купить в Санкт-Петербурге от Европласт
https://perfom-decor.ru/baljustrady/poruchni/;Поручни из ППС (перфома) купить в Санкт-Петербурге от Европласт
https://perfom-decor.ru/baljustrady/stolby/;Столбы из ППС (перфома) купить в Санкт-Петербурге от Европласт
https://perfom-decor.ru/collection/;Коллекции интерьерной лепнины из перфома от компании «Европласт»
https://perfom-decor.ru/collection/new_art_deco/;Товары из коллекции «New Art Deco» - Перфом от Европласт
https://perfom-decor.ru/dekorativnii-paneli/;Декоративные панели из ППС (перфома) и ППУ купить в Санкт-Петербурге от Европласт
https://perfom-decor.ru/dekorativnii-paneli/1-59-818/;Панель декоративная 1.59.818 из ППУ купить в Санкт-Петербурге от Европласт
https://perfom-decor.ru/dekorativnii-paneli/1-59-819/;Панель декоративная 1.59.819 из ППУ купить в Санкт-Петербурге от Европласт
https://perfom-decor.ru/dekorativnii-paneli/1-59-820/;Панель декоративная 1.59.820 из ППУ купить в Санкт-Петербурге от Европласт
https://perfom-decor.ru/dekorativnii-paneli/1-59-821/;Панель декоративная 1.59.821 из ППУ купить в Санкт-Петербурге от Европласт
https://perfom-decor.ru/dekorativnii-paneli/1-59-823/;Панель декоративная 1.59.823 из ППУ купить в Санкт-Петербурге от Европласт
https://perfom-decor.ru/dekorativnii-paneli/6-59-801-280/;Декоративная панель 6.59.801-280 из ППС (перфома) купить в Санкт-Петербурге от Европласт
https://perfom-decor.ru/dekorativnii-paneli/6-59-801/;Декоративная панель 6.59.801 из ППС (перфома) купить в Санкт-Петербурге от Европласт
https://perfom-decor.ru/dekorativnii-paneli/6-59-802-280/;Декоративная панель 6.59.802-280 из ППС (перфома) купить в Санкт-Петербурге от Европласт
https://perfom-decor.ru/dekorativnii-paneli/6-59-802/;Декоративная панель 6.59.802 из ППС (перфома) купить в Санкт-Петербурге от Европласт
https://perfom-decor.ru/dekorativnii-paneli/6-59-803-280/;Декоративная панель 6.59.803-280 из ППС (перфома) купить в Санкт-Петербурге от Европласт
https://perfom-decor.ru/dekorativnii-paneli/6-59-803/;Декоративная панель 6.59.803 из ППС (перфома) купить в Санкт-Петербурге от Европласт
https://perfom-decor.ru/dekorativnii-paneli/6-59-804-280/;Декоративная панель 6.59.804-280 из ППС (перфома) купить в Санкт-Петербурге от Европласт
https://perfom-decor.ru/dekorativnii-paneli/6-59-804/;Декоративная панель 6.59.804 из ППС (перфома) купить в Санкт-Петербурге от Европласт
https://perfom-decor.ru/dekorativnii-paneli/6-59-805-280/;Панель декоративная 6.59.805-280 из ППС (перфома) купить в Санкт-Петербурге от Европласт
https://perfom-decor.ru/dekorativnii-paneli/6-59-805/;Декоративная панель 6.59.805 из ППС (перфома) купить в Санкт-Петербурге от Европласт
https://perfom-decor.ru/dekorativnii-paneli/6-59-806-280/;Декоративная панель 6.59.806-280 из ППС (перфома) купить в Санкт-Петербурге от Европласт
https://perfom-decor.ru/dekorativnii-paneli/6-59-806/;Декоративная панель 6.59.806 из ППС (перфома) купить в Санкт-Петербурге от Европласт
https://perfom-decor.ru/elementy-kamina/;Элементы камина из ППУ купить в Санкт-Петербурге от Европласт
https://perfom-decor.ru/elementy-kamina/1-64-801/;Элемент камина 1.64.801 из ППУ купить в Санкт-Петербурге от Европласт
https://perfom-decor.ru/elementy-kamina/1-64-803/;Элемент камина 1.64.803 из ППУ купить в Санкт-Петербурге от Европласт
https://perfom-decor.ru/karnizy/;Карнизы из ППС (перфома) и ППУ купить в Санкт-Петербурге от Европласт
https://perfom-decor.ru/karnizy/1-50-805/;Карниз 1.50.805 из ППУ купить в Санкт-Петербурге от Европласт
https://perfom-decor.ru/karnizy/6-50-101/;Карниз 6.50.101 из ППС (перфома) купить в Санкт-Петербурге от Европласт
https://perfom-decor.ru/karnizy/6-50-103/;Карниз 6.50.103 из ППС (перфома) купить в Санкт-Петербурге от Европласт
https://perfom-decor.ru/karnizy/6-50-105/;Карниз 6.50.105 из ППС (перфома) купить в Санкт-Петербурге от Европласт
https://perfom-decor.ru/karnizy/6-50-108/;Карниз 6.50.108 из ППС (перфома) купить в Санкт-Петербурге от Европласт
https://perfom-decor.ru/karnizy/6-50-113/;Карниз 6.50.113 из ППС (перфома) купить в Санкт-Петербурге от Европласт
https://perfom-decor.ru/karnizy/6-50-115/;Карниз 6.50.115 из ППС (перфома) купить в Санкт-Петербурге от Европласт
https://perfom-decor.ru/karnizy/6-50-130/;Карниз 6.50.130 из ППС (перфома) купить в Санкт-Петербурге от Европласт
https://perfom-decor.ru/karnizy/6-50-154/;Карниз 6.50.154 из ППС (перфома) купить в Санкт-Петербурге от Европласт
https://perfom-decor.ru/karnizy/6-50-155/;Карниз 6.50.155 из ППС (перфома) купить в Санкт-Петербурге от Европласт
https://perfom-decor.ru/karnizy/6-50-157/;Карниз 6.50.157 из ППС (перфома) купить в Санкт-Петербурге от Европласт
https://perfom-decor.ru/karnizy/6-50-160/;Карниз 6.50.160 из ППС (перфома) купить в Санкт-Петербурге от Европласт
https://perfom-decor.ru/karnizy/6-50-165/;Карниз 6.50.165 из ППС (перфома) купить в Санкт-Петербурге от Европласт
https://perfom-decor.ru/karnizy/6-50-171/;Карниз 6.50.171 из ППС (перфома) купить в Санкт-Петербурге от Европласт
https://perfom-decor.ru/karnizy/6-50-172/;Карниз 6.50.172 из ППС (перфома) купить в Санкт-Петербурге от Европласт
https://perfom-decor.ru/karnizy/6-50-174/;Карниз 6.50.174 из ППС (перфома) купить в Санкт-Петербурге от Европласт
https://perfom-decor.ru/karnizy/6-50-229/;Карниз 6.50.229 из ППС (перфома) купить в Санкт-Петербурге от Европласт
https://perfom-decor.ru/karnizy/6-50-230/;Карниз 6.50.230 из ППС (перфома) купить в Санкт-Петербурге от Европласт
https://perfom-decor.ru/karnizy/6-50-238/;Карниз 6.50.238 из ППС (перфома) купить в Санкт-Петербурге от Европласт
https://perfom-decor.ru/karnizy/6-50-239/;Карниз 6.50.239 из ППС (перфома) купить в Санкт-Петербурге от Европласт
https://perfom-decor.ru/karnizy/6-50-240/;Карниз 6.50.240 из ППС (перфома) купить в Санкт-Петербурге от Европласт
https://perfom-decor.ru/karnizy/6-50-241/;Карниз 6.50.241 из ППС (перфома) купить в Санкт-Петербурге от Европласт
https://perfom-decor.ru/karnizy/6-50-242/;Карниз 6.50.242 из ППС (перфома) купить в Санкт-Петербурге от Европласт
https://perfom-decor.ru/karnizy/6-50-243/;Карниз 6.50.243 из ППС (перфома) купить в Санкт-Петербурге от Европласт
https://perfom-decor.ru/karnizy/6-50-244/;Карниз 6.50.244 из ППС (перфома) купить в Санкт-Петербурге от Европласт
https://perfom-decor.ru/karnizy/6-50-245/;Карниз 6.50.245 из ППС (перфома) купить в Санкт-Петербурге от Европласт
https://perfom-decor.ru/karnizy/6-50-246/;Карниз 6.50.246 из ППС (перфома) купить в Санкт-Петербурге от Европласт
https://perfom-decor.ru/karnizy/6-50-247/;Карниз 6.50.247 из ППС (перфома) купить в Санкт-Петербурге от Европласт
https://perfom-decor.ru/karnizy/6-50-248/;Карниз 6.50.248 из ППС (перфома) купить в Санкт-Петербурге от Европласт
https://perfom-decor.ru/karnizy/6-50-297/;Карниз 6.50.297 из ППС (перфома) купить в Санкт-Петербурге от Европласт
https://perfom-decor.ru/karnizy/6-50-298/;Карниз 6.50.298 из ППС (перфома) купить в Санкт-Петербурге от Европласт
https://perfom-decor.ru/karnizy/6-50-299/;Карниз 6.50.299 из ППС (перфома) купить в Санкт-Петербурге от Европласт
https://perfom-decor.ru/karnizy/6-50-801/;Карниз 6.50.801 из ППС (перфома) купить в Санкт-Петербурге от Европласт
https://perfom-decor.ru/karnizy/6-50-802/;Карниз 6.50.802 из ППС (перфома) купить в Санкт-Петербурге от Европласт
https://perfom-decor.ru/karnizy/6-50-803/;Карниз 6.50.803 из ППС (перфома) купить в Санкт-Петербурге от Европласт
https://perfom-decor.ru/karnizy/6-50-804/;Карниз 6.50.804 из ППС (перфома) купить в Санкт-Петербурге от Европласт
https://perfom-decor.ru/kessony-i-kupola/;Кессоны и купола из ППС (перфома) купить в Санкт-Петербурге от Европласт
https://perfom-decor.ru/klei-90/E01-M-290/;Клей монтажный 290 мл E01.M.290 купить в Санкт-Петербурге от Европласт
https://perfom-decor.ru/klei-90/E02-S-290/;Клей стыковочный 290 мл E02.S.290 купить в Санкт-Петербурге от Европласт
https://perfom-decor.ru/klei-90/E03-S-60/;Клей стыковочный 60 мл E03.S.60 купить в Санкт-Петербурге от Европласт
https://perfom-decor.ru/klei-90/E04-U-290/;Клей универсальный 290 мл E04.U.290 купить в Санкт-Петербурге от Европласт
https://perfom-decor.ru/klei-90/E12-S-290b/;Клей стыковочный 290 мл E12.S.290 купить в Санкт-Петербурге от Европласт
https://perfom-decor.ru/kolonny-fasad/kolonni/;Колонны из ППС (перфома) купить в Санкт-Петербурге от Европласт
https://perfom-decor.ru/kolonny-fasad/polukolonni/;Полуколонны из ППС (перфома) купить в Санкт-Петербурге от Европласт
https://perfom-decor.ru/kronshtejny/;Кронштейны из ППУ купить в Санкт-Петербурге от Европласт
https://perfom-decor.ru/kronshtejny/1-19-801/;Кронштейн 1.19.801 из ППУ купить в Санкт-Петербурге от Европласт
https://perfom-decor.ru/moldingi/;Молдинги из ППС (перфома) и ППУ купить в Санкт-Петербурге от Европласт
https://perfom-decor.ru/moldingi/1-51-818/;Молдинг 1.51.818 из ППУ купить в Санкт-Петербурге от Европласт
https://perfom-decor.ru/moldingi/1-51-819/;Молдинг 1.51.819 из ППУ купить в Санкт-Петербурге от Европласт
https://perfom-decor.ru/moldingi/6-51-301/;Молдинг 6.51.301 из ППС (перфома) купить в Санкт-Петербурге от Европласт
https://perfom-decor.ru/moldingi/6-51-302/;Молдинг 6.51.302 из ППС (перфома) купить в Санкт-Петербурге от Европласт
https://perfom-decor.ru/moldingi/6-51-307/;Молдинг 6.51.307 из ППС (перфома) купить в Санкт-Петербурге от Европласт
https://perfom-decor.ru/moldingi/6-51-308/;Молдинг 6.51.308 из ППС (перфома) купить в Санкт-Петербурге от Европласт
https://perfom-decor.ru/moldingi/6-51-321/;Молдинг 6.51.321 из ППС (перфома) купить в Санкт-Петербурге от Европласт
https://perfom-decor.ru/moldingi/6-51-322/;Молдинг 6.51.322 из ППС (перфома) купить в Санкт-Петербурге от Европласт
https://perfom-decor.ru/moldingi/6-51-323/;Молдинг 6.51.323 из ППС (перфома) купить в Санкт-Петербурге от Европласт
https://perfom-decor.ru/moldingi/6-51-345/;Молдинг 6.51.345 из ППС (перфома) купить в Санкт-Петербурге от Европласт
https://perfom-decor.ru/moldingi/6-51-362/;Молдинг 6.51.362 из ППС (перфома) купить в Санкт-Петербурге от Европласт
https://perfom-decor.ru/moldingi/6-51-363/;Молдинг 6.51.363 из ППС (перфома) купить в Санкт-Петербурге от Европласт
https://perfom-decor.ru/moldingi/6-51-384/;Молдинг 6.51.384 из ППС (перфома) купить в Санкт-Петербурге от Европласт
https://perfom-decor.ru/moldingi/6-51-385/;Молдинг 6.51.385 из ППС (перфома) купить в Санкт-Петербурге от Европласт
https://perfom-decor.ru/moldingi/6-51-386/;Молдинг 6.51.386 из ППС (перфома) купить в Санкт-Петербурге от Европласт
https://perfom-decor.ru/moldingi/6-51-389/;Молдинг 6.51.389 из ППС (перфома) купить в Санкт-Петербурге от Европласт
https://perfom-decor.ru/moldingi/6-51-390/;Молдинг 6.51.390 из ППС (перфома) купить в Санкт-Петербурге от Европласт
https://perfom-decor.ru/moldingi/6-51-391/;Молдинг 6.51.391 из ППС (перфома) купить в Санкт-Петербурге от Европласт
https://perfom-decor.ru/moldingi/6-51-392/;Молдинг 6.51.392 из ППС (перфома) купить в Санкт-Петербурге от Европласт
https://perfom-decor.ru/moldingi/6-51-400/;Молдинг 6.51.400 из ППС (перфома) купить в Санкт-Петербурге от Европласт
https://perfom-decor.ru/moldingi/6-51-703/;Молдинг 6.51.703 из ППС (перфома) купить в Санкт-Петербурге от Европласт
https://perfom-decor.ru/moldingi/6-51-801/;Молдинг 6.51.801 из ППС (перфома) купить в Санкт-Петербурге от Европласт
https://perfom-decor.ru/moldingi/6-51-802/;Молдинг 6.51.802 из ППС (перфома) купить в Санкт-Петербурге от Европласт
https://perfom-decor.ru/moldingi/6-51-808/;Молдинг 6.51.808 из ППС (перфома) купить в Санкт-Петербурге от Европласт
https://perfom-decor.ru/moldingi/6-51-809/;Молдинг 6.51.809 из ППС (перфома) купить в Санкт-Петербурге от Европласт
https://perfom-decor.ru/moldingi/6-51-810/;Молдинг 6.51.810 из ППС (перфома) купить в Санкт-Петербурге от Европласт
https://perfom-decor.ru/moldingi/6-51-812/;Молдинг 6.51.812 из ППС (перфома) купить в Санкт-Петербурге от Европласт
https://perfom-decor.ru/moldingi/6-51-813/;Молдинг 6.51.813 из ППС (перфома) купить в Санкт-Петербурге от Европласт
https://perfom-decor.ru/moldingi/6-51-814/;Молдинг 6.51.814 из ППС (перфома) купить в Санкт-Петербурге от Европласт
https://perfom-decor.ru/moldingi/6-51-815/;Молдинг 6.51.815 из ППС (перфома) купить в Санкт-Петербурге от Европласт
https://perfom-decor.ru/moldingi/6-51-816/;Молдинг 6.51.816 из ППС (перфома) купить в Санкт-Петербурге от Европласт
https://perfom-decor.ru/nalichniki/;Наличники из ППУ купить в Санкт-Петербурге от Европласт
https://perfom-decor.ru/nalichniki/4-84-005/;Наличник 4.84.005 из ППУ купить в Санкт-Петербурге от Европласт
https://perfom-decor.ru/obramlenie-proema/;Обрамление проёма из ППУ купить в Санкт-Петербурге от Европласт
https://perfom-decor.ru/obramlenie-proema/1-55-005/;Замковый камень 1.55.005 из ППУ купить в Санкт-Петербурге от Европласт
https://perfom-decor.ru/okonnye-obramlenija-fasad/arochnye-obramlenija/;Арочные обрамления из ППУ купить в Санкт-Петербурге от Европласт
https://perfom-decor.ru/okonnye-obramlenija-fasad/arochnye-obramlenija/4-87-031/;Арочное обрамление 4.87.031 из ППУ купить в Санкт-Петербурге от Европласт
https://perfom-decor.ru/okonnye-obramlenija-fasad/arochnye-obramlenija/4-87-032/;Арочное обрамление 4.87.032 из ППУ купить в Санкт-Петербурге от Европласт
https://perfom-decor.ru/okonnye-obramlenija-fasad/arochnye-obramlenija/4-87-033/;Арочное обрамление 4.87.033 из ППУ купить в Санкт-Петербурге от Европласт
https://perfom-decor.ru/okonnye-obramlenija-fasad/kronshtejny-pedestaly/;Кронштейны-пьедесталы из ППС (перфома) купить в Санкт-Петербурге от Европласт
https://perfom-decor.ru/okonnye-obramlenija-fasad/nalichniki/;Наличники из ППС (перфома) купить в Санкт-Петербурге от Европласт
https://perfom-decor.ru/okonnye-obramlenija-fasad/otkosy/;Откосы из ППС (перфома) купить в Санкт-Петербурге от Европласт
https://perfom-decor.ru/okonnye-obramlenija-fasad/zamkovye-kamni/;Замковые камни из ППС (перфома) купить в Санкт-Петербурге от Европласт
https://perfom-decor.ru/plintusy/;Плинтусы из ППС (перфома) купить в Санкт-Петербурге от Европласт
https://perfom-decor.ru/plintusy/6-53-101/;Плинтус 6.53.101 из ППС (перфома) купить в Санкт-Петербурге от Европласт
https://perfom-decor.ru/plintusy/6-53-102/;Плинтус 6.53.102 из ППС (перфома) купить в Санкт-Петербурге от Европласт
https://perfom-decor.ru/plintusy/6-53-103/;Плинтус 6.53.103 из ППС (перфома) купить в Санкт-Петербурге от Европласт
https://perfom-decor.ru/plintusy/6-53-104/;Плинтус 6.53.104 из ППС (перфома) купить в Санкт-Петербурге от Европласт
https://perfom-decor.ru/plintusy/6-53-105/;Плинтус 6.53.105 из ППС (перфома) купить в Санкт-Петербурге от Европласт
https://perfom-decor.ru/plintusy/6-53-106/;Плинтус 6.53.106 из ППС (перфома) купить в Санкт-Петербурге от Европласт
https://perfom-decor.ru/plintusy/6-53-107/;Плинтус 6.53.107 из ППС (перфома) купить в Санкт-Петербурге от Европласт
https://perfom-decor.ru/plintusy/6-53-108/;Плинтус 6.53.108 из ППС (перфома) купить в Санкт-Петербурге от Европласт
https://perfom-decor.ru/plintusy/6-53-109/;Плинтус 6.53.109 из ППС (перфома) купить в Санкт-Петербурге от Европласт
https://perfom-decor.ru/plintusy/6-53-110/;Плинтус 6.53.110 из ППС (перфома) купить в Санкт-Петербурге от Европласт
https://perfom-decor.ru/plintusy/6-53-112/;Плинтус 6.53.112 из ППС (перфома) купить в Санкт-Петербурге от Европласт
https://perfom-decor.ru/plintusy/6-53-113/;Плинтус 6.53.113 из ППС (перфома) купить в Санкт-Петербурге от Европласт
https://perfom-decor.ru/plintusy/6-53-114/;Плинтус 6.53.114 из ППС (перфома) купить в Санкт-Петербурге от Европласт
https://perfom-decor.ru/plintusy/6-53-115/;Плинтус 6.53.115 из ППС (перфома) купить в Санкт-Петербурге от Европласт
https://perfom-decor.ru/plintusy/6-53-116/;Плинтус 6.53.116 из ППС (перфома) купить в Санкт-Петербурге от Европласт
https://perfom-decor.ru/plintusy/6-53-117/;Плинтус 6.53.117 из ППС (перфома) купить в Санкт-Петербурге от Европласт
https://perfom-decor.ru/plintusy/6-53-118/;Плинтус 6.53.118 из ППС (перфома) купить в Санкт-Петербурге от Европласт
https://perfom-decor.ru/plintusy/6-53-801/;Плинтус 6.53.801 из ППС (перфома) купить в Санкт-Петербурге от Европласт
https://perfom-decor.ru/plintusy/6-53-802/;Плинтус 6.53.802 из ППС (перфома) купить в Санкт-Петербурге от Европласт
https://perfom-decor.ru/plintusy/6-53-803/;Плинтус 6.53.803 из ППС (перфома) купить в Санкт-Петербурге от Европласт
https://perfom-decor.ru/plintusy/6-53-804/;Плинтус 6.53.804 из ППС (перфома) купить в Санкт-Петербурге от Европласт
https://perfom-decor.ru/plintusy/6-53-805/;Плинтус 6.53.805 из ППС (перфома) купить в Санкт-Петербурге от Европласт
https://perfom-decor.ru/plintusy/6-53-806/;Плинтус 6.53.806 из ППС (перфома) купить в Санкт-Петербурге от Европласт
https://perfom-decor.ru/podokonnye-elementy/;Подоконные элементы из ППС (перфома) купить в Санкт-Петербурге от Европласт
https://perfom-decor.ru/rozetki/;Розетки из ППУ купить в Санкт-Петербурге от Европласт
https://perfom-decor.ru/rozetki/1-56-009/;Розетка 1.56.009 из ППУ купить в Санкт-Петербурге от Европласт
https://perfom-decor.ru/uglovye-jelementy/;Угловые элементы из ППУ купить в Санкт-Петербурге от Европласт
https://perfom-decor.ru/uglovye-jelementy/1-52-818/;Угловой элемент 1.52.818 из ППУ купить в Санкт-Петербурге от Европласт
https://perfom-decor.ru/uglovye-jelementy/1-52-819/;Угловой элемент 1.52.819 из ППУ купить в Санкт-Петербурге от Европласт
