IE_NAME;IP_PROP108
Европласт - Москва (офис продаж);
Москва, Фирменный магазин;
"Москва,  Магазин в ТВЦ ""Город"" – ЕВРОПЛАСТ архитектурный декор";www.evroplast.ru
"Барнаул, Салон ""Квадро-интерьер"", пр-т Строителей";www.quadro-interier.ru
"Белгород, ООО ""ВК Хим"", ул. Восточная";archdekor.ru
"Брянск, Арт-студия ""Карнавал Красок""  (ООО ""Карнавал Красок"")";
"Брянск, ТЦ ""Мебель & Дом"" (ИП Кощенков Д.Е.)";imperiya-dekora.ru
"Ковров, ТК ""ГОРОДОК""";
"Волгоград, Салон ""Декорация"", ООО ""Голдстрим""";www.decoroom.su
"Воронеж, Магазин ""Дон-Декор""";dondecor.ru
"Грозный, Салон ""Альфа-Декор""";
Екатеринбург, ИП Мельников М.Ю.;gaudisalon.ru
"Иваново, Декор-центр ""Арагон""";www.aragondeco.ru
"Ижевск, ООО ""Дженти"", ТЦ ""Гвоздь""";www.djenti.ru
"Иркутск, Офис ООО ""Элит Декор""";www.elit-decor.com
"Иркутск, ТЦ ""Фортуна"" (ООО ""Элит Декор"")";www.elit-decor.com
"Калининград, Салон ""Dom&Decor"" (ИП Федоров)";dom-decor.com
"Калининград, Салон ""Dom&Decor"" (ООО «КБМ»)";dom-decor.com
Советск, «Михалыч» (ООО «Стройдом»);
"Балтийск, ""Посейдон"" (ИП Федоров)";www.dom-decor.com
"Калуга, ООО ""Алладин""";
"Кемерово, Студия ""DecoХолл"" (ООО ""Гермес"")";granddekor.ru
"Комсомольск-на-Амуре, Салон ""Соломон""";
"Краснодар, Салон-магазин ""Лепные декоры"" ул. Красных партизан (ИП Гредина)";www.l-decor.ru
"Краснодар , Салон-магазин ""Лепные декоры"" ТЦ ""Евроремонт"" (ИП Гредина)";www.l-decor.ru
"Красноярск, Салон ""Зодчие""";
"Курск, Магазин ""Обои""";lepnina-kursk.ru
"Курск, Магазин ""Дом обоев на Дружбе""";
Курск, Оптовая торговля;
Европласт - Курск (ул. Станционная);
"Курск, ""Дом обоев"" на ул. Дружбы";
"Курск, Магазин ""Дом обоев""";
"Магнитогорск, Салон ""Lux Decor""";
"Нижний Новгород, ООО ""ИнтерСтрой"", Интерьерный салон ""Интерстрой""";
"Нижний Новгород, Интерьерный салон ""Избранное""";
Нижний Новгород, салон “Decor360”, ИП Негина О.С.;
Нижний Новгород, Центр фасадного декора;
"Нижневартовск, Салон ""Архитектурный Декор"" в ТЦ ""Твой дом""";www.decor-ad.ru
"Новосибирск, Салон ""Арт Декор"" на ул. Светлановской";
"Омск, Салон ""Арт-Декор"" на Герцена";http://artdecor-int.ru
"Омск, Салон ""Арт Декор"" на Пушкина";http://artdecor-int.ru
"Омск, Салон ""Арт-Декор"" ТК ""Кит Интерьер""";http://artdecor-int.ru
"Орел, МУП БСТ ""Лесоторговая""";www.leso-torg.ru
Оренбург, Идеал-Интерьер;www.ideal56.ru
"Пенза, Магазин ""Элит Декор"" (ИП Новиков Н.Н.)";elitdekornn.ru
"Пермь, ООО ""Визард-Стиль""";
"Пермь, Салон ""Декор-Центр""";
"Пермь, Салон ""Декор-Центр"" ТЦ ""Гудвин""";
"Пермь, Салон ""Декор-Центр"" ТЦ ""Евразия""";
"Ростов-на-Дону, Салон ""Декор""";www.kupidekor.ru
"Рязань, Компания ""Синти"" (Куйбышевское шоссе)";www.cinti.ru
"Рязань, салон ""СИНТИ АВРОРА""";http://www.cinti.ru/
"Самара, ТСК ""Кубатура""";
"Саратов, ООО ""Дизайн-Паркет""";www.design-parket.com
"Санкт-Петербург, Салон ""PITERRA"" (16-я Линия)";www.piterra.ru
"Санкт-Петербург, Салон ""PITERRA"" (Московский пр.)";www.piterra.ru
"Санкт-Петербург, Салон ""PITERRA"" (ТК ""Интерио"")";www.piterra.ru
"Санкт-Петербург, Салон ""PITERRA"" (ТК ""Ланской"")";www.piterra.ru
"Санкт-Петербург, Салон ""PITERRA"" (ул. Железноводская)";www.piterra.ru
"Сочи, Салон-магазин ""Лепные декоры"", ТЦ ""Строй СИТИ"" (ИП Гредина А.В.)";www.l-decor.ru
"Ставрополь, ООО ""Отан"" Салон-магазин ""Три Д"" (ул. Тухачевского)";www.salon3d.ru
"Ставрополь, ООО ""Отан"" Салон-магазин ""Три Д"" (ОРТЦ ""Ставрополь"")";
"Стерлитамак, Салон ""РОЗЕТ"" (ИП Розет А.Р.)";
"Сургут, Салон ""Архитектурный Декор"" в ТЦ ""Твой дом""";www.decor-ad.ru
"Тамбов, Сеть фирменных салонов ""Декорация""";
"Тольятти, Салон ""Премьер""";decor163.ru
"Томск, Салон ""Линия Декора""";
Тула,  Лепной Декор  (И.П. Новиков Р.В.);www.Evroplast-lepnina.ru
"Тула, ТЦ ""Наш Дом-1"" (ИП Новиков Р.В.)";
"Тюмень, Салон ""Архитектурный Декор"" в ТЦ ""Перестройка""";www.decor-ad.ru
"Европласт - Тюмень ""Премьер Дом""";
"Уфа, Салон ""Розет"" в ТД ""Арета""";www.ufa-rozet.ru
"Уфа, Салон ""Розет"" (ул. Кирова)";
"Уфа, Салон ""Розет"" (Радуга-Экспо)";
"Уфа, Салон ""Розет""";www.ufa-rozet.ru
"Хабаровск, Салон ""Текстура""";www.terralux.ru
"Хабаровск, Салон ""Терралюкс""";www.terralux.ru
"Чебоксары, Cалон ""Montmartre"" (ИП Альхимович Г.А.)";sdel.ru
"Челябинск, ООО ""Дизайн-стиль""";designstyle74.ru
"Чита, Сеть магазинов ""Респект""";
"Ярославль, Магазин ""Синти"" (ООО ""Дизайн Проект"")";cinti.ru
Якутск, ИП Чугунов Д.Г.;
"Минск, Салон интерьера ""ЕвропластДекор""";
"Минск, ""ДАЛИ"", ул. Пономаренко, 35А, оф. 103 (ЧТУП ""Салон Интерьера"")";www.dekorus.by
"Минск, ТЦ ""Град"", ЧТУП ""Салон интерьера ""Декор""";www.domdekor.by
"Усть-Каменогорск, ТОО ""NS Trade""";
Усть-Каменогорск, ТОО NS Tarde;
"Киев, ТЦ ""Домосфера"" (D&D GROUP)";
"Самара, Бутик интерьера ""FORROOM"" (офис, склад)";www.samara.cc
"Самара, Бутик интерьера ""FORROOM"" ТЦ Стройдом";
"Абакан, Салон отделочных материалов ""ЗОДЧИЕ"" на Тельмана";
"Абакан, Салон отделочных материалов ""ЗОДЧИЕ"" на Чехова";
"Нальчик, ТЦ ""Мега-Дом""";
"Казань, Склад-магазин (ООО ""Статус Кво Казань"")";www.evroplast116.ru
Казань, ЕВРОПЛАСТ для красоты стен и потолков ЛЕПНИНА (Статус Кво);www.evroplast116.ru
"Раменское, ООО ""ПЛАНЕТА ДЕКОРА""";planeta-decora.ru
"Москва - Каширский двор 2 (ООО ""Сити Лайн"")";
"Москва, Магазин ""Лепнина"" в ТК ""Миллион мелочей"" (ИП Алекперов В.Г.)";www.1decor.ru
"Москва, ТК ""Люблинское поле"" (ИП Налбантов И.А.)";www.mstyle.su
"Москва, Магазин ""Лепнина"" в ТЯК ""Москва"" (ИП Алекперов В.Г.)";www.1decor.ru
"Москва, ТВЦ Никольский (ООО ""Сити Лайн"")";
Жуковский, ИП Принцев И.О.;
"Москва - Мытищи, ТЦ ""XL"" (ИП Харитонов)";
"Москва, ВК ""Росстройэкспо"" (Арт Декор Макс)";
"Казань, Центральный интерьерный салон ООО ""Европласт Декор""";evroplastkazan.ru
"Казань, ООО ""Европласт Казань"" ул. Адоратского, 3";
"Улан-Удэ, Магазин ""МаксиСМИТ""";www.tgsmit.ru
"Оренбург, Интерьерный салон ""Viva Дизайн""";www.vivainterior.ru
"Москва, Магазин ""Лепнина - Фрески"" в ТК ""Синдика"" (ИП Алекперов В.Г.)";www.1decor.ru
"Москва, Строительная ярмарка ""41 км"" (ИП Будза С.В.)";
"Красноярск, Салон Элитных отделочных материалов ""Палладио""";www.palladio24.ru
"Москва, Торговый комплекс строительных материалов  ""Владимирский тракт"" (ИП Будза С.В.)";www.lepnostyle.ru
"Москва, ТВК ""Метр-Квадратный"" (ООО ""Сити-Декор"")";www.decolepnina.ru
"Москва, Строительный рынок ""Никулино-плюс"" (ИП Новиков Р.В.)";
"Москва, Магазин ""Лепнина"" (ИП Алекперов В.Г.)";
"Москва, ТК ""ВЭСТЭНД"" (ИП Каюмов А.А.)";www.evro-lepnina.ru
"Баку, Салон ""Elit Interior"", ул. Ziya Bunyatova (ИП Алекперов В.Г.)";
"Москва, Строительный рынок ""Строймастер"" (ИП Новиков А.В.)";
"Москва, Торговый комплекс ""Мытищинская ярмарка"" (ИП Волок Л.А.)";
"Москва, ТСК ""Тракт-Терминал"" (ИП Волок Л.А.)";
"Москва, ТК ""ЭлитСтройМатериалы"" (ИП Алекперов  В.Г.)";www.1decor.ru
"Москва, ТК ""Твой дом"", Магазин ""Лепнина""";
"Москва, ТК ""Три кита"" (ИП Родивилов А.)";
"Москва, ТВЦ ""Можайский"" (ИП Родивилов А.)";
"Кишинев, Магазин  ""Elita Decor"" (ИП Алекперов В.Г.)";
Великий Новгород, Салон «ОБОИ ЭРИСМАНН» (ИП Вакурова Л.М.);
"Ярославль, салон ""АРАГОН""";www.aragondeco.ru
"Киров, ООО ""Новый Мир""";динтера.рф
Вологда, ИП Пихтова Л.А., ул. Сергея Преминина;
"Ярославль, Магазин ""Элит Интерьер"" (ИП Алекперов В.Г.; ИП Парецкий М.Г.)";www.1decor.ru
"Москва, Компания ""Планета Декора""";www.planeta-decora.ru
"Новосибирск, Салон ""Арт Декор"" на ул. Сибиряков-Гвардейцев";
"Алматы, Салон ""Премьера"", пр-т Достык, 30";www.evp.kz
Шымкент, ТОО Галерея Юг;galery.kz
"Тараз, ТОО ""Галерея Юг""";www.galery.kz
"Кострома, Группа компаний ""Кредо""";
"Псков, ООО ""Эклектика"" ул. Горького";
"Псков, ООО ""Эклектика"" Рижский проспект";eklectika.ru
"Владимир, Интерьерная компания ""Объект""";www.planeta-decora.ru
"Нижний Новгород, Салон ""Избранное""";
"Орехово-Зуево, магазин ""Планета Красок""+";www.planeta-decora.ru
"Ульяновск, ООО ""РАДА""";
"Казань, ООО ""Статус Кво Казань""";
"Набережные Челны, ООО ""Статус Кво Казань""";
"Липецк, Декор-Центр ""Ар-Декор""";ardekor@rambler.ru
"Астрахань, Салон ""DECOLE"", ул. Савушкина";www.decole.ru
"Сухум, Магазин-салон ""Лепнина и Декор""";
ЕВРОПЛАСТ-СМОЛЕНСК;
"Архангельск, ООО""Дизайн-студия ""Лигрант""""";Лигрант.рф
Астана, пр-т Абая;
Астана, пр-т Абая;
"Астана, Торговый дом ""Табыс"", пр-т Абая, д. 97";
Усть-Каменогорск, НЕТ НАЗВАНИЯ;
"Караганда, Торговый дом ""Стиль А"" на Чекалова";
Караганда, ТОО Magic house;www.stil-a.kz
Кокшетау, ИП Гаврилов ;
"Кустанай, ТОО ""ФсТс""";
Шымкент, ТОО Галерея Юг;galery.kz
Астрахань, Галерея N, ул. Интернациональная 3-я;
"Астрахань, Мастерская интерьера ""Великая стена"", ул. Ахшарумова";
"Астрахань, ООО ""Голдстрим"", ул. Савушкина";
"Астрахань, Салон ""Декор Классик"", ул. Кирова";
"Астрахань, Салон ""Декорация"", ул. Рылеева";
"Астрахань, Салон ""Нью Арт"", ул. Ахшарумова";
Белгород, ул. Магистральная (ИП Бондаренко В.В.);
"Белгород, Магазин ""Дон Рулон"", ул. Костюкова";
"Белгород, Магазин ""Премьера"", Белгородский проспект";
"Белгород, Магазин ""Премьера"", ул. Щорса";
"Белгород, Магазин ""Элит"", ул. Магистральная";
"Белгород, Салон ""АрхДекор"", ул. Восточная";
"Белгород, Салон ""Новый Интерьер"", пр-т Ватутина";
"Белгород, Салон ""Стильная Плитка"", ул. Красноармейская";
"Белгород, Салон ""Интерио"", ул. Генерала Апанасенко";
"Бирюч, Магазин ""Седьмое Небо"", ул. Красная";
"Губкин, ""Русь""";
"Старый Оскол, ""Промсервис""";
"Старый Оскол, Дизайн-студия ""Эстеты""";
Старый Оскол, ИП Попова;
"Старый Оскол, Студия декора ""Матэй""";
"Старый Оскол, Центр декоративных покрытий ""Декор Престиж""";
"Старый Оскол, Центр обоев ""Премьера""";
"Шебекино, Магазин ""Лекс""";
Брянск, Дизайн-студия  C.Design HOME COUTURE;
Брянск, NULL;
Брянск, ИП Данилкин;
Брянск, ИП Чешевой В.Н.;
Волгоград, ул.25 лет Октября, ВОСР на Тулака (ИП Гаврилов О.);
Волгоград,  ул.Рокоссовского (ИП Гаврилов О.);
Волгоград,  ул.Рокоссовского (ИП Гаврилов О.);
Волгоград,  ИП Зимин;
Волгоград,  ИП Иголкина-Бухтиенко;
Волгоград,  ИП Мельников М.В.;
"Волгоград,  ООО Компания ""Инвест Трейд""";
Волгоград, Абажур;
Волгоград, Ампир Декор;
Волгоград, Антураж;
Волгоград, Арт-Дом;
Волгоград, Архи Стиль;
Волгоград, Атлас Стройград;
Волгоград, Градос;
Волгоград, Декор Сити;
Волгоград, ДизайнСтройСити;
Волгоград, Интелис;
Волгоград, Кабинет;
Волгоград, Каменьон;
Волгоград, Либерти;
"Волгоград, Магазин ""Мастер потолков""";
"Волгоград, Магазин-студия ""Лоймина""";
Волгоград, Океан потолков;
Волгоград, Онтарио;
Волгоград, Сити Строй;
Волгоград, СтройснабВолгоград;
Волгоград, СтройСтильВолга;
Волгоград, Техностандарт;
Волгоград, ТР Лепота;
Волгоград, Элит Хаус;
Волгоград, Эльформа;
Офис;
НЕТ НАЗВАНИЯ;
Ахтубинск,  ИП Шапкин, ул.Волгоградская;
Волжский, ул.Карбышева (ИП Гаврилов В.Н.);
Волжский, ул.Карбышева (ИП Гирик);
Волжский,  ИП Николаева;
Волжский, Атлас, ул.Энгельса;
Волжский, Райта;
Волжский, Сигма, ул.Автодорога №7;
Михайловка,  ИП Косенков;
Элиста, Гранд;
Элиста, Гранд;
Элиста, Стройарсенал;
"Вологда,  ООО ""Стильный Дом"", ул. Металлургов";
"Вологда,  ООО ВСК ""Гефест"", ул. Машиностроительная";
"Вологда, Галерея интерьеров ""ЭлитДекор"", ул. Костромская";
"Вологда, Магазин ""Континент"", ул. Горького";
Вологда, Магазин М2, ул.Ярославская;
"Вологда, Сеть салонов ""Потолок"", ул. Первомайская";
"Вологда, Торговый дом ""Стиль"", ул. Северная";
"Вологда, Торговый-Дом ""Венеция"", ул. Ленинградская";
"Череповец,  ООО ""ДизайнСтрой Сервис""";
"Череповец,  ООО ""Прораб-35""";
"Череповец, Бутик интерьеров ""Эго""";
Череповец, Дом интерьера;
"Череповец, Салон ""Мир натяжных потолков""";
"Череповец, Салон интерьера ""Гранд Декор""";
"Череповец, Студия интерьера ""Архидом""";
"Череповец, Торговый Дом ""Венеция""";
"Ижевск, ООО ""Дженти"", ТЦ ""Сити""";
"Ижевск, Салон ""Art Room""";
"Ижевск, Салон ""Odinn""";
"Ижевск, Салон ""ЦентрДеко""";
"Ишим, Магазин ""СтройМаг"" № 1";
"Ишим, Магазин ""СтройМаг"" № 2";
"Ишим, Магазин ""СтройМаг"" № 3";
"Ишим, Склад-Магазин ""СтройМаг""";
"Ишим, Центр отделочных материалов ""СтройМаг""";
"Уральский, Магазин ""Каскад""";
Краснотурьинск, Магазин;
"Красноярск, ""Галерея паркета""";
"Красноярск, Галерея интерьеров ""Maestro de la Casa""";
Красноярск, Дом Декора;
"Красноярск, Магазин отделочных материалов ""Колор Студия""";color-studio.ru
"Красноярск, Магазин отделочных материалов ""Колор Студия""";color-studio.ru
"Красноярск, Магазин отделочных материалов ""Колор Студия""";color-studio.ru
"Красноярск, Магазин отделочных материалов ""Очаг""";
"Красноярск, Салон мебели и света ""DeLuxe""";
"Красноярск, Салон отделочных материалов ""Антарес""";
"Красноярск, Салон современных отделочных материалов ""Де Арт""";
"Красноярск, Салон-магазин ""Крас-Dekor""";
"Красноярск, Салон-магазин декоративных штукатурок ""Декор-Террако""";
"Красноярск, Студия декоративных покрытий ""АртСтрит""";
"Красноярск, Студия дизайна и ремонта ""Арт Студио""";
"Красноярск, Студия ремонта ""Домино""";
"Курган, ""Зауральский Домострой"" Салон ""Стройделюкс""";
"Курган, ТК ""АРТЕКС""";
"Курган, ТЦ ""Дома""";
"Курск, ""Дом обоев"" на Добролюбова";
"Курск, Оптово-розничный склад ""Обои""";
"Липецк, Декор-Студия ""Кардинал""";
"Липецк, Декор-Центр ""Ар-Декор""";
"Липецк, Дизайн студия ""Дольмен""";
"Липецк, Магазин отделочных материалов ""Новый Век""";
"Липецк, Салон ""Коллизей""";
"Липецк, Студия обоев ""Ванильное Небо""";
"Липецк, Торговая компания ""Артико Холл""";
"Мичуринск, Магазин ""Ассортимент""";
Магнитогорск,  Европласт;
"Москва, ВК ""Росстройэкспо"" (ИП Зарипов А.Т.)";
"Москва, ВК ""Росстройэкспо"" (ИП Леликова Ю.В.)";
"Москва, ВК ""Росстройэкспо"" (ИП Низовцева О.М.)";
"Москва, ВК ""Росстройэкспо"" (ИП Стрекаловская О.Н.)";
"Москва, ВК ""Росстройэкспо"" (Компания  ""Фидод"")";
"Москва, ВК ""Росстройэкспо"" (ООО ""Аркада Порте"")";
"Москва, ВК ""Росстройэкспо"" (ООО ""Декор Свет"")";
"Москва, ВК ""Росстройэкспо"" (ООО ""ТрэйдЭкспоХолдинг"")";
"Москва, МТВК ""Синдика-О"" (ИП Каюмов А.А.)";
Москва, Лепнина (ИП Липадат);
"Москва, Рынок ""Каширский двор - 3"" (ИП Будза С.В.)";www.lepnostyle.ru
"Москва, Рынок ""Каширский двор - 3"" (ООО ""Сити Лайн"")";
"Москва, Салон ""PITERRA""";www.piterra.ru
"Москва, Салон ""PITERRA"" ТВК ""Экспострой на Нахимовском""";
"Москва, Салон ""PITERRA"" ТВК ""Экспострой на Нахимовском""";
"Москва, Строительная ярмарка ""41 км"" (ИП Новиков А.В.)";
"Москва, Строительная ярмарка ""41 км"" (ИП Новиков Р.В.)";
"Москва, Строительная ярмарка ""41 км"" (ИП Цыбулева Е.И.)";
"Москва, Торговый комплекс строительных материалов  ""Владимирский тракт"" (ИП Каюмов А.А.)";
"Москва, ТЦ ""ЭлитСтрой материалы"" (ИП Налбантов И.А.)";www.mstyle.su
"Москва, ТЯК ""Москва"" (ИП Налбантов И.А.)";
Мытищи, Дом-декора (ИП Кулебякина Т.В.);www.dom-dekora.ru
"Нальчик, ТЦ ""07""";
"Нефтеюганск, ООО ""Аксиом""";
"Нижний Тагил, Салон ""DERUFA""";в работе
Уренгой, ИП Суркова Л.В.;
"Уренгой, Строительный магазин ""Бригадир""";
Оренбург, VIVA-Дизайн;
Оренбург, Арт деко;
Оренбург, Ательер;
Оренбург, БарельефДекор;
Оренбург, Гауди Оренбург;
Оренбург, Декорумм;
Оренбург, Каспер;
"Оренбург, ООО ""Д-З Лотос""";
"Оренбург, ООО ""Дом Красок""";
Оренбург, Паркет Сити;
Оренбург, Потолкофф;
Оренбург, Стильный дом;
Оренбург, Элит декор;
Бузулук, Вип Декор, ул. Суворова;
"Бузулук, ООО ""Мегастрой"", ул. 1 мая";
Новоорск, ИП Тептярев;
Новотроицк, Винтаж;
Орск, Миал;viva-design56
"Орск, ООО ""Декор-Двери""";
Орск, Полимер;
Орск, Тайзер;
"Орск, ТД ""Дизайн""";
Орск, Эффект;
Ясный, Сервис групп;
Первоуральск, Галерея Керамики;
"Рязань, ООО ""Апельсин-М""";apelsin.ru
Рязань, Вернисаж (ИП Немых В. А.);
Рязань, Дизайндекор (ООО Декор);
Рязань, Дом Декора;
Рязань, Интерьер;
Рязань, Классик;
Рязань, Мастер ООО;
"Рязань, Мускат (ИП ""Батурина Муза"")";muskat62.ru
Рязань, Новые обои (ИП Рыбаков А.Ю.);
Рязань, Посадский двор;
Рязань, Симплекс (ИП Модин В.И.);
Рязань, Территория цвета;
Рязань, Экспрессия;
"Рязань, Салон ""Эстет"" (ИП Ковригин А.В)";estet62.ru
Самара, ИП Гвоздовская;
Самара, ИП Кокарева;
Самара, ИП Немченко;
Самара, ИП Шибашева;
Самара, ИП Шмонин;
"Самара, ООО ""Арт-Декор""";
"Самара, ООО ""АртСтрой""";
"Самара, ООО ""Бизнес Альянс""";
"Самара, ООО ""Самарский Декор""";
"Самара, ООО ""Цунами-С""";
Санкт-Петербург, Альфа-Декор;
"Санкт-Петербург, ББК ""Дизайн-Проект""";www.bbk-design.ru
Санкт-Петербург, Дом Лаверна;
Санкт-Петербург, Дом Лаверна;
Санкт-Петербург, Дом Лаверна;
Санкт-Петербург, Дом Лаверна;
Санкт-Петербург, Дом Лаверна;
"Санкт-Петербург, Салон ""PITERRA HOME"" (ул. Уральская)";www.piterra.ru
"Сарапул, Салон ""Элит-Декор""";
"Саратов, ""Велес""";
"Саратов, Магазин ""Ассорти""";
"Саратов, Магазин ""Ваши двери""";
"Саратов, Магазин ""Керамакс""";
"Саратов, Магазин ""Мир паркета""";
"Саратов, Магазин ""Мозаика""";
"Саратов, Магазин ""Хозяин""";
"Саратов, Салон ""Делюкс""";
"Саратов, Салон ""Клондайк""";
"Саратов, Салон ""Премиум Декор""";
Балашов,ул. Карла Маркса, (ИП Вставская Н. Г.);
Маркс, ИП Мартышов Алексей Викторович;
Энгельс, Европласт;
Смоленск, Европласт;
Тамбов, ИП Дудник И.П.;
"Тамбов, ООО ""Мастерская дизайна и рекламы""";
"Тамбов, Салон ""Декорация"" (ИП Егорова З.Р.)";
Тамбов, Салон Декора;
Тамбов, Строй Град;
"Тамбов, ТД ""Интерьер""";
"Тамбов, Магазин ""Decobuilt""";
"Тобольск, Магазин ""Уют""";
"Тобольск, Стройцентр ""Уют""";
"Томск, Магазин ""Болартс-Строй""";
"Томск, Магазин ""Бэст Керамикс""";
"Томск, Магазин ""Галерея Обоев""";
"Томск, салон ""Идея Ремонта""";decoline.su
"Томск, Магазин ""ЕвроДизайн""";
"Томск, Магазин салон ""0М"" и ""Ом-Декор""";
"Томск, Магазин-салон ""Интерьерум""";
"Томск, Магазин-салон ""Компания Дельта""";
"Томск, Магазин-салон ""Панорама""";
"Томск, Магазин-салон ""Стильстрой""";
"Томск, Магазин-салон ""СтройДизайн""";
"Томск, Магазины ""Новосёл""";
"Томск, ООО ""Агентство маркетинговых коммуникаций""";
"Томск, ООО ""Амалто""";
"Томск, ООО ""Астарта""";
"Томск, ООО ""Интерьер-профи""";
"Томск, ООО ""Наутилус""";
"Томск, ООО ""Паводок""";
"Томск, ООО ""Томская Строительно Сервисная Компания""";
"Томск, ООО ""Фирма Композит""";
"Томск, ООО ""Центр строительных технологий""";
"Тюмень, Салон ""Архитектурный Декор"" в ТЦ ""Премьер Дом""";www.decor-ad.ru
"Тюмень, Салон ""Архитектурный Декор"" в ТЦ ""Орион""";www.decor-ad.ru
"Тюмень, ул. 50 лет ВЛКСМ, 13, салон ""Архитектурный декор"" ";www.decor-ad.ru
"Улан-Удэ, Гипермаркет ""СМИТ""";tgsmit.ru
"Ханты-Мансийск, Салон интерьера ""Декор Стайл""";
"Ханты-Мансийск, Магазин ""Дом обоев""";
"Ханты-Мансийск, Магазин ""Перестройка""";
"Ханты-Мансийск, Магазин ""Стройцентр""";
"Чита, ООО ""Респект ЛТД""";
"Чита, ООО ""Респект ЛТД""";
"Чита, ООО ""Респект ЛТД""";
"Чита, ООО ""Респект ЛТД""";
"Чита, ООО ""Респект ЛТД""";
"Чита, ООО ""Респект ЛТД""";
Ярославль, Exclusive Interior;
Ярославль, Fran Studio;
Ярославль, Rossetti;
Ярославль, Wood Line;
Ярославль, Арт проект;
Ярославль, Архидея;
Ярославль, Ванные комнаты;
Ярославль, диз. Студия Лестис;
Ярославль, диз. Студия Линия;
Ярославль, Интерьер плюс;
Ярославль, Немецкий дом;
Ярославль, Стройтекс;
Ярославль, студия Ампир декор;
Ярославль, студия М-Густо;
Ярославль, ТД Эстет;
"Ташкент, Магазин ""Empire Decor interiors""";
"Ташкент, Магазин ""Milan""";
"Москва, Фирменный салон ""Европласт"" в ТВЦ ""Каширский двор""";evroplast.ru
"Москва, ""Элит Интерьер"", магазин ""Европласт"" в ТК ""Город - Лефортово"" (ИП Алекперов В.Г.)";www.1decor.ru
"Москва, ООО ""Сити-Декор"" м.Волгоградский пр-т в ТВК ""Метр Квадратный""";
"Ярославль, Магазин ""Элит Интерьер"" (ИП Алекперов В.Г.)";
"Бельцы, магазин ""Elita Decor"", ул. Михай Витязул, (ИП Алекперов В.Г.)";
Ташкент, Паркентский;
Ташкент, Milan;
Ташкент, Обои Центр (ЧП Судьина);
"Адлер, Магазин ""Лепные декоры"" (ИП Гредина А.В.)";www.l-decor.ru
"Армавир, Магазин ""Лепные декоры"" по ул. Мира (ИП Гредина)";www.l-decor.ru
"Актау, Салон-магазин ГАЛЕРЕЯ, ТОО ""Art-Comfort""";
Уральск, ТОО Арт Декор Уральск;
Актобе, ТОО РИА Престиж;artdekor.kz
Баку, ул. Зия Буниятова (ИП Алекперов В.Г.);
"Баку, Салон ""Elit Interior"", Prospekt Axmeda Radjebli";
"Баку, Салон ""Elit Interior"", Prospekt Xatai  (ИП Алекперов В.Г.)";
"Новокузнецк, Салон ""Линия Декора"" (ООО Европласт Сибирь"")";decoline.su
"Новокузнецк, Салон ""Обнови обои""";
"Кострома, Салон декоративных покрытий ""KADORO""";
"Кострома, Студия дизайна ""NeoHouse""";
"Кострома, Салон-магазин ""Импрессио""";
"Кострома, Отдел керамической плитки ""Альфа-Керамика""";
"Кострома, Магазин ""ЕвроДом""";
"Кострома, Магазин ""Светлячок""";
Шарья, (ИП Вешторт Э.Л.);
"Уфа, Салон ""Розет"" в ТД ""Арета""";www.ufa-rozet.ru
"Мурманск, ООО ""СтройСтудия""";
"Пермь, Салон ""Декор-Центр"" ИЦ ДАOKE";
"Пермь, ""Декоративка"" ТЦ Техас-Строй";
"Пермь, ""Декоративка"" ТЦ Парковый";
"Пермь, ""Декоративка"" ТЦ Строй-мастер";
"Москва, Магазин ""Элит Интерьер"" в СТЦ ""Метр квадратный""  (ИП Алекперов В.Г.)";www.1decor.ru
"Москва, Фирменный салон в ТЦ ""Экспострой на Нахимовском""";evroplast.ru
"Москва, Фирменный стенд ""Европласт""  ТВК ""Экспострой на Нахимовском""";evroplast.ru
"Москва, Фирменный стенд ""Тингере""  ТВК ""Экспострой на Нахимовском""";evroplast.ru
"Москва, ООО ""Салимко"" ТВК ""Экспострой на Нахимовском""";
НЕТ НАЗВАНИЯ;
"Москва,  ТВК ""Строй Сити"" (ООО ""Сити-Декор"")";www.decolepnina.ru
"Москва, ООО ""Декор Престиж"" ТВК ""Экспострой на Нахимовском""";
"Москва, Салон ""PITERRA"" ТВК ""Экспострой""";www.piterra.ru
НЕТ НАЗВАНИЯ;
"Альметьевск, Архитектурный декор ""Европласт"" (Статус Кво)";www.evroplast116.ru
"Набережные Челны, Архитектурный декор ""Европласт"" (Статус Кво)";www.evroplast116.ru
"Рига, Салон ""Deko-Studio"",  ул. Маза Краста";
"Тверь, салон-галерея ""Красивые стены"" (ООО ""ЕВРОПЛАСТ-ТВЕРЬ"")";cb2000.ru
НЕТ НАЗВАНИЯ;
"Брянск, Магазин ""Карнавал красок"" (ООО ""Карнавал Красок"")";www.dekobryansk.ru
"Пятигорск, Магазин ""Лепные декоры"" в ТК ""Lucky PLAZA"" (ИП Гредина А.В)";www.l-decor.ru
НЕТ НАЗВАНИЯ;
"Домодедово, Отделочные материалы ""Палитра""";www.planeta-decora.ru
Петрозаводск, ул. М. Горького, д. 23;
"Кемерово, Салон ""Barausse""";www.granddekor.ru
"Омск, Салон ""Арт-Декор"" ТК ""Континент""";http://artdecor-int.ru
"Астана, Салон ""Премьера"", TOO Evolution Technologies";www.evp.kz
"Стройрынок ""Петровский"" Новорижское шоссе";www.lepnostyle.ru
"Москва, Торговый центр ""Отрадное"" (ИП Будза С.В.)";www.lepnostyle.ru
"Москва, ""Сити-декор"", ТК ""Люблинское поле"" (ИП Валиуллин Р.Н.)";www.lepnina-online.ru
"Москва, ЭСити-декор"" в ТЯК ""Москва"" (ИП Валиуллин Р.Н.)";www.lepnina-online.ru
Москва, Лепной декор (ИП Валиуллин Р.Н.);www.city-decor.ru
"Москва,  ""Мой стиль"" в ТК ""Город""";www.mstyle.su
Москва, Одинцово, ТЦ АКОС (ИП Новиков Р.В.);www.evroplast-lepnina.ru
"Калуга, ТК ""Домострой""";
"Калуга, ТК ""Домострой плюс""";
"Магнитогорск, Салон ""Декоратор""";
"Магнитогорск, Салон ""Декоратор""";
"Пермь, ""Двери и полы""";
"Пермь, Салон ""Декоративка"" ТЦ ""Парковый""";
"Пермь, Салон ""Декоративка"" ТЦ ""Строймастер""";
"Петрозаводск, Салон интерьера ""Стилиссимо""";
"Челябинск, ""Европласт""";www.designstyle74.ru
"Москва, ""Арт-плитка"". ""Мосплитка"" (ИП Принцев И.О.)";www.lepnina-online.ru
"Москва, ТК ""Каширский двор"" (ООО ""Пилатус"")";
"Москва, ООО ""Пилатус"", Рынок ""Каширский дом - №2""";www.lepmarket.ru
"Москва, Рынок ""Каширский двор - 3"" (ИП Свиткевич В.Л.)";www.lepmarket.ru
"Москва, ""ТВЦ Никольский""  (ИП Свиткевич В.Л.)";www.lepmarket.ru
"Йошкар-Ола, Декор Марий Эл, ТЦ ""Бау Маркет""";
"Сыктывкар, Интерьерный салон ""ДекоГрафф"" (ИП Шабалин А.Е.)";
"Нижневартовск, Салон-магазин ""Бабочка"" (ИП Бабенко И.М.)";
"Нижневартовск, Салон ""Да Винчи"" (ИП Жакенов А.Ж.)";
"Калининград, Салон ""Dom&Decor"" (ИП Федоров)";dom-decor.com
Тула, Лепной Декор  (И.П. Новиков Р.В.);www.Evroplast-lepnina.ru
"Самара, ООО ""Форрум""";
"Москва, ТЦ ""Три Кита"" (ИП Филиппова К.О.)";decogracia.ru
Вильнюс, ЗАО Европластас (Europlastas UAB), ул. Веркю 29, 3 корпус;www.europlastas.com
"Курган, ТЦ ""Пушкинский"", Салон ""AP-DEKO""";в работе
"Рязань, салон ""СИНТИ DEPO""";http://www.cinti.ru/
"Грозный, Салон-магазин ""Декор"" (ИП Виситаев)";www.lepidecor.ru
"Гудермес, Офис-склад ""Декор"" (ИП Виситаев)";www.lepidecor.ru
Вологда, Салон декора Европласт (ИП Пихтова Л.А.);
Череповец, ЭГО интерьер (ИП Хлынов А.А.);
"Новороссийск, Салон-магазин ""Лепные декоры"" (ИП Гредина А.В.)";www.l-decor.ru
"Москва, ""Элит Интерьер"" в ТК ""Каширский двор"" (ИП Алекперов В.Г.)";www.1decor.ru
"Москва, ""Элит Интерьер"" в ТК ""Каширский двор"" (ИП Алекперов В.Г.)";www.1decor.ru
"Москва, Магазин ""Лепнина"" в ТК ""Твой Дом"" (ИП Алекперов В.Г.)";www.1decor.ru
"Москва, Архитектурный декор-Фрески в ТК ""Конструктор"" (ИП Алекперов В.Г.)";www.1decor.ru
"Алматы, Бутик №1,№11,№15,№65, ТД ""Саламат""";
"Алматы, ТОО ""Empire Decor"",  ЖК ""Пионер""";
"Южно-Сахалинск, Интерьер салон ""Brand"", ООО ""Бренд""";www.brand-salon.ru
"Саранск, ТЦ ""Хозяин"" (ИП Новиков Н.Н.)";www.elitdekornn.ru
"Симферополь, Салон ""Элит Дом"" (ООО ""Элит Дом"")";www.vita-color.ru
"Симферополь, Салон ""Oikos"" (ООО ""Элит Дом"")";www.vita-color.ru
"Симферополь, Салон ""Spiver"" (ООО ""Элит Дом"")";www.vita-color.ru
"Москва, ""Тушинская"" Лепной декор";
"Курск, Салон-магазин ""Ремотделка"" (ИП Матвиенко В.В.)";www.remotdel-ka.ru
Железногорск, ООО Ремотделка (ИП Матвиенко В.В.);www.remotdel-ka.ru
"Киев, БЦ ""Аполло"" (ООО ""Украинский дом декора"")";www.udd.com.ua
"Москва, Торговый комплес Центр дизайна ""Ленинградский"" (ИП Будза С.В.)";www.lepnostyle.ru
"Москва, ТК ""Конструктор"" (ИП Будза С.В.)";www.lepnostyle.ru
"Москва, Строительный двор ""Петровский"" (ИП Будза С.В.)";www.lepnostyle.ru
"Подольск, Салон интерьера ""Лепной Декор"" (ИП Шаповалова Т.Н.)";
"Москва, Салон интерьера ""Лепной Декор"" (ИП Шаповалова Т.Н.)";
Анапа, Лепные Декоры (ИП Гредина А.В.);www.l-decor.ru
"Кропоткин, Лепные Декоры, ТЦ ""Вега"" (ИП Гредина А.В.)";www.l-decor.ru
"Санкт-Петербург, Салон ""PITERRA"" (ТЦ ""Гарден Сити"")";www.piterra.ru
"Санкт-Петербург, Салон ""PITERRA Outlet "" (ул. Железноводская)";www.piterra.ru
"Санкт-Петербург, Салон ""PITERRA"" (МЦ «Гранд Каньон»)";www.piterra.ru
"Москва, Салон ""PITERRA Outlet""";
"Москва, Салон ""PITERRA"" (Центр Дизайна ""Артплей"")";www.piterra.ru
"Москва, Салон ""PITERRA"" (МЦ ""Roomer"")";www.piterra.ru
"Благовещенск , Cалон-магазин интерьерных решений ""Deкор""";
"Подольск, Торговый центр ""Шмель"" (ИП Шаповалова Т.Н.)";
"Москва, ТК ""Конструктор"" (ООО ""ПЕКО Логистик"")";www.lepmarket.ru
Великий Новгород, Салон «38 ПРЕДЛОЖЕНИЙ» (ИП Вакурова Л.М.);38pr.ru
Казань, Декор - Европласт (Статус Кво);www.evroplast116.ru
Краснодар, Отдел корпоративных продаж (ИП Гредина А.В.);www.l-decor.ru
Смоленск, Европласт (ООО «Артхолл плюс»);derufa-sm.ru
"Чебоксары, офис продаж ""Европласт"" (ИП Альхимович Г.А.)";sdel.ru
Кострома, Компания «Измерение»;
"Красноярск, Интерьерный салон ""Палладио""";palladio24.ru
Курск, Оптово - розничный склад Ремотделка;www.remotdel-ka.ru
"Елец, ООО ""Лидерстрой""";
"Липецк, Салон ""Novita"", ИП Костин";
"Липецк, Декор-Студия ""Кардинал"", ИП Вострикова";
Липецк, ИП Шицько;
"Мончегорск, ООО ""СтройСтудия""";
"Пенза, Магазин ""Обои из Европы"" (ИП Новиков Н.Н.)";
"Пермь, ТЦ ""Радуга"", ЗАО ""Стройинтер""";
"Пермь, ТЦ ""Красивый Дом"", ЗАО ""Стройинтер""";
"Псков, ООО ""Эклектика"" улица Л. Поземского";
"Псков, ООО ""Эклектика"" улица Л. Поземского";
Уфа, Ампир Декор (ИП Розет  Р.Р.);www.ufa-rozet.ru
Уфа, Лепной Декор (ИП Розет А.Р.);
"Уфа, ИП Розет Р.Р, ""Элемент""";
"Дербент, ООО ""ДЖЭН""";www.lepidecor.ru
"Махачкала, ООО ""ДЖЭН""";www.lepidecor.ru
"Махачкала, ДЦ ""Daniela villa Design""";www.lepidecor.ru
"Якутск, ИП Чугунов Д.Г. ""Дом обоев 44""";
"Абакан, Салон отделочных материалов ""ЗОДЧИЕ"" на  Кирова";
Ростов-на-Дону, склад;
Рязань, Вельвет (ИП Попков С.В.);
Рязань, Лайт (ИП Каширин И.А. );
Самара, магазин-склад FORROOM;
Мичуринск, Модный дом;
"Сургут, Салон ""Архитектурный Декор"", проспект Мира";www.decor-ad.ru
"Тюмень, склад-магазин ""Архитектурный декор""";www.decor-ad.ru
Новый Уренгой, Холл декора Малевич;
"Нефтеюганск, Магазин ""Art-Decor""";
"Ярославль, Магазин ""Элит Интерьер"" (ИП Алекперов В.Г.; ИП Парецкий М.Г.)";www.1decor.ru
"Чита, ООО ""Респект ЛТД""";
Чита, Магазин Респект , центральный склад;
"Иваново, салон ""АРАГОН""";www.aragondeco.ru
Якутск, ИП Васильева Е.В.;
Московская обл, Одинцовский р-н, Новоивановское (ИП Филиппова К.О.);decogracia.ru
Актау, салон Design Line, ТОО «Design Line»;
Актобе, ТОО НАК Интерьер;
Алматы, TOO Evolution Technologies;www.evp.kz
Атырау, ИП Кунушева Г. Т.;
Атырау, ИП Нам И.С.;
"Караганда, ИП ""Studio MAGO""";
Караганда, ТОО Magic house;www.stil-a.kz
Караганда, ИП Хамитова;
Павлодар, ИП Корниенко Н.А.;
"Павлодар, TOO ""Эрго-П""";
"Павлодар, ИП ""Кон-Траст""";www.evp.kz
Павлодар, ИП Гартман И. В.;
"Петропавловск, ТОО ""Дисконт-Север""";
Уральск, Эко Мебель (ТОО НАК Интерьер);
"Шымкент, (ТОО ""Evolution Technologies"")";evp.kz
Бельцы, ООО Элит Интерьер, ул. Михай Витязул, 56;
Бельцы, ООО Элит Интериор, ул. Паровозная, д. 4;www.evroplast.md
Кишинев, ООО Элит Интериор, ул. Александру чел Бун;www.evroplast.md
Кишинев, ООО Элит Интерьер, ул. Дечебал;
Кишинев, ООО Элит Интериор, ул. Каля Басарабией;www.evroplast.md
Таллин, AVDS Group Ltd.;www.fiestadesign.ee
Калуга, ИП Журавченков C.А.;
"Псков, ООО ""Эклектика"" ул. Горького";
"Псков, ООО ""Эклектика"" ул. Горького";
Семипалатинск,  ТОО «Крафт»;
г. Щелково, Павильон Лепнина-Декор (ИП Мателин Н.А.);
"г. Троицк, DSGN ROOM (ООО ""Дизайн-Рум"")";www.dsgnroom.com
г. Реутово, Лепной декор (ИП Шмаленко Денис Владимирович);www.lepnina1.ru
"Мытищи, Салон декоративных покрытий ""Три Стены"" (ИП Гриднева Наталья Сергеевна)";
"г. Москва, DSGN ROOM (ООО ""Дизайн-Рум"")";www.dsgnroom.com
"Москва, ТК ""Конструктор"" (ИП Бочкова И.С. (ИП Горбаченко К.А.))";lepninadecor1.ru
"Москва, СР ""Владимитский тракт"" (ИП Бочкова И.С. (ИП Горбаченко К.А.))";lepninadecor1.ru
"Москва, ТЦ ""Город"" (ИП Бочкова И.С. (ИП Горбаченко К.А.))";lepninadecor1.ru
"Москва, рынок ""Строймастер""  (ИП Дубовик)";www.lepno.ru
"Москва,  ТК ""Владимирский Тракт"" (ИП Каюмов А.А.)";www.kupi-lepi.ru
"Москва,  ТК ""Владимирский Тракт"" (ИП Каюмов А.А.)";www.kupi-lepi.ru
"Москва,  ТК ""МЕЛЬНИЦА"" (ИП Каюмов А.А.)";
"Москва,  ТК ""МЕЛЬНИЦА"" (ИП Каюмов А.А.)";
Москва,  г. Красногорск (ИП Каюмов А.А.);www.lepnina-potolok.ru
Москва,  г. Нахабино (ИП Каюмов А.А.);
Москва, Волоколамское шоссе (ИП Каюмов А.А.);www.lepnina-tushino.ru
Москва, Варшавское шоссе (ИП Каюмов А.А.);www.desh-lep.ru
"Москва, Салон ""Лепнина-Фрески"", в ТК ""Город-2"" (ИП Алекперов В.Г.)";www.1decor.ru
"Москва, Магазин ""Лепнина"" в ТК Твой Дом - Крокус (ИП Алекперов В.Г.)";www.1decor.ru
Москва, Лепнина ТК Синдика (ИП Липадат);
"Москва, ТВК ""Метр-Квадратный"" (ООО ""Сити-Декор"")";www.decolepnina.ru
Москва, Галерея Интерьеров Твинстор (ИП Будза С.В.);www.lepnostyle.ru
"Москва, ТЯК ""Москва"" (ИП Налбантов И.А.)";www.mstyle.su
Москва, Каширский двор-1 (ИП Налбантов И.А.);
Москва, г. Люберцы (ИП Налбантов И.А.);www.mstyle.su
Москва, п. Селятино (ИП Налбантов И.А.);
"Волгоград, Центр дизайна ""DECOLE"", (ИП Леонтьевский А.В.)";www.decole.ru
Кострома, Салон - Стильный дом (ООО «Салон - Стильный дом»);www.ssdom.net
"Нижний Новгород, ООО ""ИнтерСтрой"", Интерьерный салон ""Интерстрой""";
"Псков, ООО ""Эклектика"" улица Л. Поземского";eklectika.ru
"Тамбов, Салон ""Декорация"" (ИП Егорова З.Р.)";
Тамбов, Модный Дом;
Тамбов, Клондайк;
"Ярославль, Салон-магазин ""Синти"" (ИП Фетисова Л.Г. ООО ""Зеленый кордор"")";cinti.ru
"Бугульма , ""Silkplus"" (ИП Савостина А.В.)";silkplus.ru
Нижнекамск, М-н «Престиж» (ИП Борисов С.Ю.);pnk16.ru
"Октябрьский, ""Прораб"" (ИП Кутлубаев М.Б.)";
Рыбинск, Декор Мастер (ООО «Декор Мастер»);
"Старый Оскол, Архдекор (ООО ""Европласт Оскол"")";
"Чебоксары, офис продаж ""Европласт"" (ИП Альхимович Г.А.)";sdel.ru
"Сочи, Салон-магазин ""Лепные декоры"",  ТЦ ""Строй Сити"" (ИП Гредина А.В.)";www.l-decor.ru
"Новороссийск, Салон-магазин ""Лепные декоры"" (ИП Гредина А.В.)";www.l-decor.ru
Нальчик, Лепные Декоры (ИП Гредина А. В.);www.l-decor.ru
Майкоп, Лепные Декоры (ИП Гредина А. В.);www.l-decor.ru
"Краснодар, Салон-магазин ""Лепные декоры"" ул. Красных партизан (ИП Гредина)";www.l-decor.ru
Кинешма, Арагон;aragondeco.ru
"Стерлитамак, Салон ""ДЕКОРАМА"" (ИП Калашников А.В.)";dekoramasalon.ru
"Стерлитамак, Салон ""ДЕКОРАМА"" (ИП Калашников А.В.)";dekoramasalon.ru
"Уральск, магазин ""DECOROOM"" (ИП Cube Studio)";
Нефтекамск, Дом Декор (ИП Березина С.В.);
Нефтекамск, Дом Декор (ИП Березина С.В.);
Октябрьский, Гарелея Интерьеров (ИП Перцева Г. М.);
"Октябрьский, ""Студия комфорта"" (ИП Богданова А.В.)";
Октябрьский, ТЦ НАРЫШЕВО (Оптовый центр);
"Псков, ООО ""Эклектика"" улица Л. Поземского";
Великий Новгород, Салон «38 ПРЕДЛОЖЕНИЙ» (ИП Вакурова Л.М.);38pr.ru
Прага, Салон Europlast (TEREM s.r.o.);www.terem.cz
"Мытищи, ""Дом-декора"" (ИП Кулебякина Т.В.)";www.dom-dekora.ru
"Краснодар, Салон-магазин ""Лепные декоры"" ул. Калинина (ИП Гредина)";www.l-decor.ru
"Геленджик, Салон-магазин ""Лепные декоры"" ул. Прасковеевская (ИП Гредина)";www.l-decor.ru
Владикавказ, Лепные Декоры (ИП Гредина);www.l-decor.ru
"Екатеринбург, ООО ""Дект"", отдел оптовых продаж";décor.su
"Брянск, ТЦ ""Аэропарк"" (ИП Кощенков Д.Е.)";imperiya-dekora.ru
"Белгород, ООО ""ВК Хим"", ул. Конева";archdekor.ru
"Ереван, ExteriorGroup-1 (ООО ""Экстериер Групп"")";
"Ереван, ExteriorGroup-2 (ООО ""Экстериер Групп"")";
"Ереван, ExteriorGroup-3 (ООО ""Экстериер Групп"")";
"Ереван, ExteriorGroup-4 (ООО ""Экстериер Групп"")";
"Ереван, ExteriorGroup-5 (ООО ""Экстериер Групп"")";
"Ереван, ExteriorGroup-6 (ООО ""Экстериер Групп"")";
"Ереван, ExteriorGroup-7 (ООО ""Экстериер Групп"")";
"Ереван, ExteriorGroup-8 (ООО ""Экстериер Групп"")";
Ереван, Давид Анахти (Валан Декор студия);
Москва, Мытищи, рынок Тракт Терминал (ИП Новиков Р.В.);www.lepnoydom.ru
Ашхабад, Магазин Ussat (ЧП Чарлиев И.Е.);
"Бишкек, ТД ""Галерея"" (ОсОО ""Галерея"")";www.gallery.kg
"Ош, Магазин «REdeco»  (ОсОО ""Дом света"")";www.gallery.kg
Тамбов, Парад Цвета;
"Актау, Салон ""Гармония"", ИП Булкаев";
Актобе, ИП Мамбеталина К.Б;
Актобе, ТОО НАК Интерьер;
Актобе, ИП Елатомцев;
Атырау, ТОО НАК Интерьер;
Атырау, ТОО ROOMODA;
Атырау, ИП Кабдуллина;
"Караганда, ИП ""Studio MAGO""";
Караганда, ИП Жусупбекова ;
Кызылорда,  ТОО «АбсолютСтройГрупп»;
"Кызылорда,  ИП "" Муратова А""";"""инстаграмм muratova_dizign_studio"""
Тараз, ИП Насыров Тахир;
Шымкент, ИП Кудинов;master-les.kz
Экибастуз,  ИП Лаврова Н.;
"Семипалатинск,  ИП ""Климат Контроль""";
"Кызылорда,  ИП ""Бектаева""";
"Нижний Тагил, ООО ""Велес""";www.luxstroy.me
"Подольск, Салон интерьера ""Лепной Декор"" (ИП Горелова Т.В.)";best-lepnina.ru
"Махачкала, ИП Шихрагимова М.Д., Магазин ""Центр лепнины ""Барокко""";Сайт на стадии разработки
"Элиста, Салон-магазин ""Мир обоев""";
Волжский, ИП Жуков А.В.;
"Туапсе, Магазин ""Лепные декоры"" (ИП Гредина А.В)";www.l-decor.ru
Новосибирск, Европласт-Новосибирск (ООО Голдстрим);www.evroplast-nsk.ru
Москва, Склад Европласт (с. Булатниково);evroplast.ru
Москва, д.Черная Грязь  (ИП Буренкова Л.М.);
г. Клин МО (ИП Буренкова Л.М.);
"Москва,  (ООО ""ПРОГРЕСС"")";
"Кемерово, Студия ""ГрандДекор"" (ООО ""Гермес"")";granddekor.ru
"Астрахань, центр дизайна ""DECOLE"" ";www.decole.ru
"Новокузнецк, ДОМ ПАРКЕТА (ООО ""Арт-Дизайн"")";www.evroplast.ru
"Владивосток, салон ""Oberline"" (ООО ""Строй-Дом"")";
Новокузнецк, Аура Интерьера (ИП Соколова Н.А.);www.aura-interiera.ru
"Новокузнецк, Интерьерный салон ""Модные обои"" (ООО ""СКД плюс"")";www.nov-oboi.ru
"Новокузнецк, Salon interior (ООО ""Азбука-НК"")";www.azbuka-nk.ru
"Новокузнецк, интерьерный салон ""DeLuxe"" (ООО ""ДеЛюкс"")";
"Новокузнецк, ""Обнови Обои"" (ИП Архипова Т.В.)";obnovi-oboi.ru
"Новокузнецк, ""Обнови Обои"" (ИП Архипова Т.В.)";obnovi-oboi.ru
"Новокузнецк, ""Обнови Обои"" (ИП Архипова Т.В.)";obnovi-oboi.ru
"Ленинск-Кузнецкий, ""Derufa"" (ИП Попов Е.О.)";
Юрга, ДиоР (ИП Гоциридзе И.С.);
Полысаево, Строитель (ИП Шахов С.В.);
"Анжеро-Судженск, ""Эконом-строй"" (ИП Головин С.В.)";
"Москва, МФТК ""Каширский двор"" (Европласт)";www.evroplast.ru
Тамбов, Престиж Декор (ИП Куприна О.В.);
Тамбов, Престиж Декор (ИП Куприна О.В.);
"Москва, Салон ""PITERRA HOME""";www.piterra.ru
"Череповец, Салон ""Обои Лайк"" (ИП Малкова Т.Г.)";www.oboi.reestr35.ru
"Ижевск, ООО ""Дженти"", СЦ «Азбука ремонта»";www.djenti.ru
"Тобольск, ""Строй Стиль"" (ИП Бакиев Р.Р.)";
Тула, Лепной Декор (И.П. Новиков Р.В.);www. Evroplast-lepnina.ru
"Арсеньев, салон ""салон Арс-Деко"" (ИП ИВАКИН И.В.)";
"Саратов, ООО ""Дизайн-Паркет"" Клондайк";
Москва, В 42 (ИП КАЮМОВ А. А.);
"Новосибирск, Европласт-Новосибирск, ООО ""Голдстрим""";www.evroplast-nsk.ru
"Бишкек, Салон отделочных материаллов ""ПРЕМЬЕРА"" (ОсОО ""ЕвоТек"")";www.evp.kg
Тамбов, ИП Дудник И.П.;
"Калининград, Салон ""Dom&Decor"" (ИП Федоров Н.А.)";dom-decor.com
Рязань, салон «ПЛИТКА-ПАРКЕТ»;http://www.cinti.ru/
Чехов, Декор-ЮГ (ИП Сальников Алексей Николаевич);
Москва, Маркет мск  (ИП Каюмов Альберт Асгатович);www.market.msk.ru
"Воронеж, ООО ""Дон-Декор"" (магазин ""Европласт"")";dondecor.ru
Екатеринбург, ИП Мельников М.Ю. (Салон Европласт-Екатеринбург);www.evroplast-ekaterinburg.ru
"г. Москва, поселение Мосрентген, д.Дудкино, ООО"" Артстрой-проект""";
"Москва, ВК ""Росстройэкспо"" (ООО ""Арт Декор Макс"")";
"Петропавловск-Камчатский, ""Дизайн К Студия"" (ИП Кривдина Е.П.)";www.evroplast.ru
"Омск, Отдел оптовых продаж (ООО ""Мир профиля"")";evroplast-omsk.ru
"Павлодар, шоу-рум DREAM HOUSE (ТОО ""DREAM HOUSE KZ"")";
"Омск, Центр современного интерьера и дизайна ""Люксоро Интерьер""";
"Москва,  г. Красногорск, Отдел: Стройматериалы (ООО ""Декор"")";https://evroplast.ru/
"Московская обл, Ленинский р-н, пос. Совхоза им. Ленина (ООО ""Декор"")";https://evroplast.ru/
"Мытищи, Отдел: Стройматериалы (ООО ""Декор"")";https://evroplast.ru/
"Московская область, Красногорский район, Михалково дер., Отдел: Стройматериалы (ООО ""Декор"")";https://evroplast.ru/
"Казань, ул.Адоратского, 3 (ООО ""Европласт Декор"")";evroplastkazan.ru
"Казань, ул. Аделя Кутуя, д. 72 (ООО ""Европласт Декор"")";evroplastrt.ru
Москва, Мытищи, Лепной Декор (ИП Новиков Р.В.);
Тула, Лепной Декор (И.П. Новиков Р.В.);www. Evroplast-lepnina.ru
"Новокузнецк, салон ""Новые обои"" (ООО ""СКД плюс"")";www.nov-oboi.ru
"Новокузнецк, Дом паркета (ООО ""Арт-Дизайн"")";
"Астрахань, Салон ""DECOLE""";www.decole.ru
Москва,  г. Красногорск, Лепнина (ИП Шаповалова);lepninamarket.ru
"Москва, ТК ""Твой Дом"" (ООО ""Декор"")";evroplast.ru
"Рыбинск, Декор-центр ""Арагон"" (ООО ""Декор Коллекция"")";www.aragondeco.ru
"Москва, ""Яуза""  (ИП Амиршоева С.В.)";http://mirlepnina.ru
Якутск, ИП Васильева Е.В.;
